,open,high,low,subjectivity,polarity,compound,negative,neutral,positive
0,316.763,340.177002,316.763,1.0,-0.25,0.9926,0.0,0.831,0.169
1,330.166992,334.963989,327.52301,0.0,0.0,0.0,0.0,1.0,0.0
2,331.980011,349.615997,327.687012,0.0,0.0,0.9638,0.0,0.901,0.099
3,347.401001,371.290985,344.73999,0.0,0.0,0.0,0.0,1.0,0.0
4,367.442993,372.470001,350.692993,0.0,0.0,0.7739,0.0,0.922,0.078
5,412.501007,480.972992,402.757996,1.0,-0.25,0.961,0.0,0.842,0.158
6,475.675995,485.191986,461.053009,1.0,-0.25,0.9823,0.0,0.798,0.202
7,465.973999,472.722992,451.605988,1.0,-0.25,0.9141,0.0,0.943,0.057
8,471.531006,493.404999,468.484985,0.0,0.0,0.0,0.0,1.0,0.0
9,480.518005,482.480011,466.346985,1.0,0.25,0.8402,0.0,0.959,0.041
10,473.281006,522.307007,425.071014,1.0,-0.25,0.7739,0.0,0.961,0.039
11,431.214996,465.497009,401.243011,0.0,0.0,0.0,0.0,1.0,0.0
12,445.209015,472.609009,428.312012,1.0,-0.25,0.4588,0.0,0.976,0.024
13,462.604004,462.708008,420.209991,0.0,0.0,0.7184,0.0,0.969,0.031
14,426.368988,441.397003,414.411011,1.0,-0.25,0.4588,0.0,0.979,0.021
15,700.593994,753.120972,664.989014,1.0,-0.25,0.8159,0.0,0.948,0.052
16,686.192017,718.38501,680.786011,1.0,-0.25,0.9915,0.0,0.848,0.152
17,696.237,735.825012,696.237,0.0,0.0,0.0,0.0,1.0,0.0
18,721.731995,803.927979,689.231018,1.0,-0.25,0.0,0.0,1.0,0.0
19,793.901001,881.94397,785.34198,1.0,-0.25,0.0,0.0,1.0,0.0
20,827.515991,845.062012,756.004028,0.0,0.0,0.9134,0.0,0.892,0.108
21,681.315979,763.89502,679.731018,1.0,-0.25,0.9726,0.0,0.909,0.091
22,698.869995,782.520996,698.869995,1.0,-0.25,0.8668,0.0,0.938,0.062
23,763.369995,786.789978,760.934998,0.0,0.0,0.0,0.0,1.0,0.0
24,762.208008,763.31897,701.187012,1.0,-0.25,0.9325,0.0,0.844,0.156
25,740.388977,770.117004,729.607971,0.0,0.0,0.0,0.0,1.0,0.0
26,712.211975,760.348022,710.119019,1.0,-0.25,0.9776,0.0,0.903,0.097
27,772.346008,914.830017,772.346008,1.0,-0.25,0.9872,0.0,0.859,0.141
28,886.0,974.471008,868.450989,0.0,0.0,0.8516,0.0,0.804,0.196
29,975.75,1075.390015,956.325012,0.0,0.0,0.9406,0.0,0.914,0.086
30,995.153992,1060.709961,994.622009,0.0,0.0,0.0,0.0,1.0,0.0
31,1043.01001,1153.170044,1043.01001,0.0,0.0,0.0,0.0,1.0,0.0
32,1158.26001,1266.930054,1016.049988,0.0,0.0,0.9406,0.0,0.937,0.063
33,1300.339966,1417.380005,1226.599976,1.0,-0.25,0.7739,0.0,0.922,0.078
34,1268.089966,1337.300049,1135.170044,0.0,0.0,0.9945,0.0,0.804,0.196
35,1397.47998,1400.560059,1286.209961,0.0,0.0,0.0,0.0,1.0,0.0
36,1365.209961,1390.589966,1290.599976,0.0,0.0,0.0,0.0,1.0,0.0
37,1292.630005,1292.630005,875.544983,0.0,0.0,0.9742,0.0,0.847,0.153
38,1061.339966,1090.22998,780.921997,1.0,-0.25,0.4588,0.0,0.966,0.034
39,1016.440002,1100.310059,967.758972,1.0,-0.25,0.9638,0.0,0.848,0.152
40,1028.819946,1093.219971,1003.710022,1.0,-0.25,0.8877,0.0,0.92,0.08
41,1044.949951,1167.109985,1044.949951,1.0,-0.25,0.0,0.0,1.0,0.0
42,1155.680054,1155.680054,1021.5,0.0,0.0,0.9325,0.0,0.88,0.12
43,1004.169983,1023.22998,920.539978,1.0,-0.25,0.8402,0.0,0.96,0.04
44,987.47699,1062.439941,965.807983,1.0,-0.25,0.9884,0.0,0.839,0.161
45,1111.780029,1257.77002,1111.780029,1.0,-0.25,0.7184,0.0,0.946,0.054
46,1184.130005,1184.630005,1058.969971,1.0,-0.25,0.9742,0.0,0.907,0.093
47,1119.369995,1161.349976,984.81897,0.0,0.0,0.0,0.0,1.0,0.0
48,919.210999,991.942993,847.690002,1.0,-0.25,0.4588,0.0,0.966,0.034
49,964.666992,969.031982,805.064026,1.0,-0.25,0.9793,0.0,0.904,0.096
50,834.958008,856.645996,644.598999,0.0,0.0,0.9325,0.0,0.879,0.121
51,755.843018,845.085999,755.843018,1.0,-0.25,0.9001,0.0,0.89,0.11
52,818.47998,884.004028,788.833984,1.0,-0.25,0.9879,0.012,0.791,0.197
53,882.46698,917.400024,825.577026,0.0,0.0,0.0,0.0,1.0,0.0
54,859.288025,859.288025,788.221985,0.0,0.0,0.993,0.0,0.821,0.179
55,869.29303,870.708984,828.836975,0.0,0.0,0.0,0.0,1.0,0.0
56,844.278992,926.429016,844.278992,1.0,-0.25,0.9833,0.0,0.877,0.123
57,923.728027,951.947998,911.111023,0.0,0.0,0.8402,0.0,0.883,0.117
58,934.786011,950.005005,917.848022,1.0,-0.25,0.9474,0.0,0.896,0.104
59,921.66803,957.776978,921.554016,1.0,-0.25,0.7184,0.0,0.95,0.05
60,811.585022,886.317993,794.791016,1.0,-0.25,0.961,0.0,0.929,0.071
61,861.593018,879.531006,818.549988,1.0,-0.25,0.9522,0.02,0.819,0.161
62,839.458984,853.145996,822.380981,1.0,-0.25,0.9141,0.0,0.923,0.077
63,870.36499,896.258972,867.096985,0.0,0.0,0.9325,0.0,0.919,0.081
64,871.763977,876.377991,852.421997,1.0,-0.25,0.5983,0.021,0.922,0.056
65,856.710999,868.453979,855.20697,1.0,-0.25,0.7184,0.0,0.961,0.039
66,853.817017,853.817017,809.93103,0.0,0.0,0.9638,0.0,0.901,0.099
67,816.270996,825.606995,726.546997,1.0,-0.25,0.8668,0.0,0.921,0.079
68,752.570007,773.767029,696.169006,1.0,-0.25,0.9118,0.011,0.917,0.072
69,730.159973,748.031006,682.695007,1.0,-0.25,0.987,0.0,0.778,0.222
70,685.312012,735.830994,668.122986,0.0,0.0,0.9585,0.0,0.929,0.071
71,724.406006,742.513977,683.268005,1.0,-0.25,0.9406,0.0,0.943,0.057
72,691.218994,702.783997,594.099976,0.0,0.0,0.8402,0.0,0.827,0.173
73,551.640015,551.640015,460.088013,0.0,0.0,0.9517,0.0,0.919,0.081
74,546.625977,558.099976,519.122986,0.0,0.0,0.7184,0.0,0.976,0.024
75,556.721985,567.090027,521.203979,1.0,-0.25,0.4588,0.0,0.976,0.024
76,559.099976,589.606995,550.572021,1.0,-0.25,0.9835,0.0,0.786,0.214
77,562.103027,577.565979,523.088989,1.0,-0.25,0.7184,0.0,0.932,0.068
78,522.703003,535.820984,515.658997,1.0,-0.25,0.9234,0.0,0.915,0.085
79,524.286987,526.379028,470.440002,0.0,0.0,0.0,0.0,1.0,0.0
80,489.589996,491.459015,449.971008,1.0,-0.25,0.9406,0.0,0.836,0.164
81,450.290985,466.210999,444.860992,1.0,-0.25,0.9719,0.0,0.833,0.167
82,448.075012,450.812988,385.812988,0.0,0.0,0.0,0.0,1.0,0.0
83,385.904999,409.928986,368.632996,1.0,-0.25,0.9835,0.0,0.81,0.19
84,395.003998,418.467987,392.953003,1.0,-0.25,0.9517,0.0,0.905,0.095
85,379.699005,395.17099,377.592987,0.0,0.0,0.7739,0.0,0.865,0.135
86,379.946991,387.716003,369.81601,0.0,0.0,0.0,0.0,1.0,0.0
87,382.730988,385.195007,366.911011,0.0,0.0,0.9517,0.0,0.927,0.073
88,385.743011,402.589996,385.60199,0.0,0.0,0.7424,0.0,0.902,0.098
89,399.411011,415.888,393.878998,1.0,-0.25,0.7424,0.0,0.94,0.06
90,430.161011,493.058014,417.412994,0.0,0.0,0.0,0.0,1.0,0.0
91,493.160004,526.469971,482.658997,1.0,-0.25,0.9621,0.0,0.889,0.111
92,503.30899,525.09198,503.045013,1.0,-0.25,0.9517,0.0,0.913,0.087
93,567.989014,618.715027,560.28302,0.0,0.0,0.9001,0.0,0.908,0.092
94,643.39801,708.875,643.39801,1.0,-0.25,0.6072,0.0,0.964,0.036
95,707.062012,707.062012,600.211975,1.0,-0.25,0.9748,0.0,0.805,0.195
96,644.645996,691.442017,644.645996,1.0,0.125,0.9567,0.0,0.896,0.104
97,670.463013,674.403015,637.539978,1.0,-0.25,0.7739,0.0,0.948,0.052
98,674.075012,688.84198,667.419983,0.0,0.0,0.0,0.0,1.0,0.0
99,686.591003,784.341003,686.591003,0.0,0.0,0.0,0.0,1.0,0.0
100,755.008972,774.249023,728.129028,1.0,-0.25,0.9406,0.0,0.851,0.149
101,679.877014,691.411011,644.065979,0.0,0.0,0.0,0.0,1.0,0.0
102,732.732971,742.169983,695.791992,1.0,-0.25,0.4588,0.0,0.979,0.021
103,672.10199,695.031006,663.809021,1.0,-0.25,0.4588,0.0,0.972,0.028
104,695.072021,715.578003,686.791016,1.0,-0.25,0.7739,0.0,0.955,0.045
105,697.922974,723.752991,692.669006,1.0,-0.25,0.9406,0.0,0.919,0.081
106,646.669983,651.635986,572.952026,1.0,-0.25,0.9652,0.0,0.905,0.095
107,602.140015,617.185974,575.624023,1.0,-0.25,0.9793,0.0,0.878,0.122
108,588.52002,590.328003,562.866028,0.0,0.0,0.9141,0.0,0.907,0.093
109,516.14801,572.263977,516.14801,1.0,-0.25,0.9875,0.009,0.86,0.131
110,610.262024,611.643005,596.395996,0.0,0.0,0.9719,0.0,0.896,0.104
111,607.687012,616.143982,601.692993,0.0,0.0,0.9179,0.0,0.94,0.06
112,524.856995,536.857971,515.268982,0.0,0.0,0.9325,0.0,0.934,0.066
113,498.018005,501.904999,459.003998,1.0,-0.25,0.9406,0.0,0.908,0.092
114,478.381012,523.544983,467.466003,1.0,-0.25,0.9001,0.0,0.954,0.046
115,520.47998,521.304993,487.468994,1.0,-0.25,0.9719,0.0,0.901,0.099
116,490.414001,503.222992,488.851013,1.0,-0.25,0.9638,0.0,0.927,0.073
117,499.459991,507.640991,498.64801,1.0,-0.25,0.9751,0.0,0.894,0.106
118,538.505981,541.015015,519.369019,0.0,0.0,0.0,0.0,1.0,0.0
119,536.447021,543.71698,524.258972,0.0,0.0,0.99,0.0,0.852,0.148
120,466.273987,479.128998,462.393005,1.0,-0.25,0.9719,0.0,0.91,0.09
121,474.768005,475.359009,426.468994,1.0,-0.25,0.5766,0.0,0.956,0.044
122,455.936005,470.343994,448.895996,0.0,0.0,0.0,0.0,1.0,0.0
123,432.243988,444.243011,424.838989,1.0,-0.25,0.9474,0.0,0.877,0.123
124,422.587006,441.792999,407.946991,1.0,-0.25,0.9325,0.0,0.904,0.096
125,475.385986,483.854004,462.582001,1.0,-0.25,0.0,0.0,1.0,0.0
126,464.151001,481.436005,455.184998,1.0,-0.25,0.9742,0.0,0.911,0.089
127,474.356995,479.652008,457.61499,0.0,0.0,0.0,0.0,1.0,0.0
128,430.740997,442.363007,430.740997,0.0,0.0,0.4588,0.0,0.972,0.028
129,450.424988,480.65799,446.798004,1.0,-0.25,0.0,0.0,1.0,0.0
130,500.838013,513.432983,474.359009,1.0,-0.25,0.9808,0.0,0.864,0.136
131,469.307007,469.307007,443.692993,1.0,-0.25,0.988,0.0,0.874,0.126
132,462.437988,470.89801,458.118988,0.0,0.0,0.0,0.0,1.0,0.0
133,451.135986,481.141998,450.565002,1.0,-0.25,0.7184,0.0,0.935,0.065
134,464.009003,473.221985,458.290985,1.0,-0.25,0.921,0.0,0.834,0.166
135,469.678009,471.593994,462.989014,1.0,-0.25,0.9852,0.0,0.819,0.181
136,466.826996,467.951996,448.640991,0.0,0.0,0.0,0.0,1.0,0.0
137,457.244995,457.244995,430.444,1.0,-0.25,0.9799,0.0,0.833,0.167
138,433.868988,435.457001,410.463989,0.0,0.0,0.9881,0.0,0.862,0.138
139,420.806,425.033997,410.30899,1.0,-0.25,0.8877,0.0,0.923,0.077
140,412.566986,420.549011,399.910004,1.0,-0.25,0.9652,0.0,0.905,0.095
141,406.800995,411.404999,376.076996,1.0,-0.25,0.9141,0.0,0.953,0.047
142,334.264008,334.264008,308.488007,1.0,-0.25,0.9775,0.018,0.865,0.117
143,320.209991,323.550995,284.93399,1.0,-0.25,0.7424,0.0,0.968,0.032
144,286.36499,286.36499,254.649994,0.0,0.0,0.0,0.0,1.0,0.0
145,282.740997,298.476013,280.928009,1.0,-0.25,0.9849,0.0,0.794,0.206
146,287.683014,316.170013,287.346008,1.0,0.125,0.9001,0.0,0.943,0.057
147,316.790985,320.446014,286.550995,1.0,-0.25,0.9793,0.0,0.9,0.1
148,273.330994,285.970001,273.330994,1.0,-0.25,0.4588,0.0,0.966,0.034
149,271.747986,279.54599,271.089996,0.0,0.0,0.0,0.0,1.0,0.0
150,279.524994,279.524994,272.444,1.0,-0.25,0.9806,0.0,0.896,0.104
151,275.350006,285.602997,273.649994,1.0,-0.25,0.9726,0.0,0.892,0.108
152,286.648987,297.399994,283.571991,0.0,0.0,0.9742,0.0,0.9,0.1
153,296.162994,297.071014,287.286987,0.0,0.0,0.9793,0.0,0.882,0.118
154,284.119995,284.550995,278.513,0.0,0.0,0.0,0.0,1.0,0.0
155,295.453003,298.686005,290.925995,0.0,0.0,0.0,0.0,1.0,0.0
156,286.045013,288.162994,232.330994,1.0,-0.25,0.9001,0.0,0.941,0.059
157,231.647995,231.755005,218.123001,1.0,-0.25,0.9567,0.0,0.924,0.076
158,217.912003,220.367004,193.259003,1.0,-0.25,0.9729,0.0,0.819,0.181
159,198.177002,198.505997,180.595993,1.0,-0.25,0.9461,0.0,0.899,0.101
160,247.337006,251.195999,233.809998,1.0,-0.25,0.9726,0.007,0.902,0.091
161,228.326996,228.326996,206.490005,0.0,0.0,0.9638,0.0,0.915,0.085
162,215.440002,230.606995,212.654007,1.0,-0.25,0.8402,0.0,0.936,0.064
163,221.705002,234.014008,216.078003,1.0,-0.25,0.9729,0.0,0.822,0.178
164,231.328995,236.985992,228.445007,0.0,0.0,0.9638,0.0,0.756,0.244
165,233.220001,234.145004,226.945007,0.0,0.0,0.9719,0.0,0.906,0.094
166,220.445999,226.147995,220.089996,0.0,0.0,0.9789,0.0,0.886,0.114
167,227.615005,227.707001,224.494995,1.0,-0.25,0.9001,0.0,0.935,0.065
168,225.610001,225.610001,189.283005,1.0,-0.25,0.9325,0.0,0.896,0.104
169,199.690994,201.826996,195.242996,1.0,-0.25,0.9803,0.0,0.886,0.114
170,195.270004,222.117996,194.158997,0.0,0.0,0.9406,0.0,0.931,0.069
171,210.216995,211.125,205.927994,0.0,0.0,0.9359,0.0,0.939,0.061
172,207.404007,208.470001,201.742996,1.0,-0.25,0.9461,0.0,0.899,0.101
173,203.514999,206.222,203.085007,1.0,-0.25,0.9823,0.0,0.877,0.123
174,205.173996,206.932007,203.376999,0.0,0.0,0.0,0.0,1.0,0.0
175,203.356003,206.082001,203.126007,1.0,-0.25,0.9638,0.0,0.867,0.133
176,197.649002,198.337997,196.531006,1.0,-0.25,0.0,0.0,1.0,0.0
177,197.537003,203.753998,197.328003,1.0,-0.25,0.9702,0.0,0.905,0.095
178,198.981995,201.268997,198.755005,1.0,-0.25,0.9726,0.0,0.883,0.117
179,200.740005,200.740005,199.524994,1.0,-0.25,0.9638,0.0,0.869,0.131
180,200.158005,211.272003,198.985992,1.0,-0.25,0.4588,0.0,0.971,0.029
181,207.100006,210.819,206.572998,0.0,0.0,0.4588,0.0,0.985,0.015
182,209.473999,218.451996,207.893997,0.0,0.0,0.7184,0.0,0.96,0.04
183,218.899002,221.651993,216.796005,1.0,-0.25,0.4588,0.0,0.982,0.018
184,211.987,213.315994,209.514999,0.0,0.0,0.0,0.0,1.0,0.0
185,209.975006,213.856995,209.804993,0.0,0.0,0.9828,0.0,0.884,0.116
186,212.479004,212.998993,208.867996,0.0,0.0,0.9818,0.0,0.88,0.12
187,210.149002,210.514999,206.134995,0.0,0.0,0.9325,0.0,0.928,0.072
188,181.899002,184.251007,170.188995,1.0,-0.25,0.4588,0.0,0.966,0.034
189,177.179001,177.179001,147.850998,0.0,0.0,0.0,0.0,1.0,0.0
190,131.141998,138.889999,125.758003,1.0,-0.25,0.7184,0.0,0.961,0.039
191,136.811005,137.740005,126.706001,1.0,-0.25,0.9665,0.0,0.894,0.106
192,123.304001,126.788002,110.824997,0.0,0.0,0.0,0.0,1.0,0.0
193,107.913002,111.842003,102.452003,1.0,-0.25,0.0,0.0,1.0,0.0
194,113.397758,120.841454,111.619125,1.0,-0.25,0.7184,0.0,0.972,0.028
195,108.803162,113.142914,107.402718,1.0,-0.25,0.9325,0.0,0.946,0.054
196,110.335518,110.59861,102.475555,1.0,-0.25,0.9406,0.0,0.922,0.078
197,102.450592,104.103493,91.761055,0.0,0.0,0.0,0.0,1.0,0.0
198,94.992172,96.257301,90.654251,1.0,-0.25,0.991,0.0,0.843,0.157
199,90.655228,91.111603,85.518311,0.0,0.0,0.9517,0.0,0.901,0.099
200,86.630356,87.144943,83.226479,1.0,-0.25,0.9813,0.0,0.886,0.114
201,101.683846,108.549057,100.69146,1.0,-0.25,0.8402,0.0,0.949,0.051
202,109.45594,116.759499,107.503166,1.0,-0.25,0.906,0.0,0.928,0.072
203,116.898201,137.647018,115.69313,1.0,-0.25,0.4588,0.0,0.966,0.034
204,138.468781,147.034332,134.570175,0.0,0.0,0.9001,0.0,0.945,0.055
205,133.418152,141.397507,132.650711,0.0,0.0,0.0,0.0,1.0,0.0
206,141.519516,156.929138,140.650955,1.0,-0.25,0.9943,0.0,0.809,0.191
207,155.196045,155.863052,147.198364,1.0,0.125,0.7424,0.0,0.953,0.047
208,154.337418,160.82489,154.337418,1.0,-0.25,0.9517,0.0,0.933,0.067
209,155.80423,159.371445,152.085922,0.0,0.0,0.9891,0.0,0.856,0.144
210,150.554688,153.622253,150.288376,1.0,-0.25,0.8877,0.0,0.922,0.078
211,150.843506,152.14827,126.529373,1.0,-0.25,0.9451,0.0,0.905,0.095
212,127.528084,128.666122,125.446754,1.0,-0.25,0.4588,0.0,0.979,0.021
213,129.172684,130.743561,120.311523,1.0,-0.25,0.9141,0.0,0.95,0.05
214,121.809242,127.118248,121.441414,1.0,-0.25,0.9776,0.0,0.829,0.171
215,121.614426,125.904228,121.161034,0.0,0.0,0.8402,0.0,0.941,0.059
216,119.636459,119.715439,116.15744,1.0,-0.25,0.9567,0.0,0.927,0.073
217,117.462784,118.032104,116.006798,1.0,-0.25,0.9832,0.0,0.887,0.113
218,117.594955,117.802994,115.830154,0.0,0.0,0.7739,0.0,0.917,0.083
219,116.373528,118.084114,115.980576,1.0,-0.25,0.9406,0.0,0.907,0.093
220,113.285233,113.688232,103.336464,1.0,-0.25,0.7184,0.0,0.964,0.036
221,119.214111,120.689735,118.000404,0.0,0.0,0.0,0.0,1.0,0.0
222,124.871536,124.871536,120.311752,1.0,-0.25,0.9141,0.0,0.908,0.092
223,121.178574,123.4683,119.600021,0.0,0.0,0.0,0.0,1.0,0.0
224,122.544289,125.550697,121.612495,1.0,-0.25,0.9567,0.0,0.921,0.079
225,122.416985,124.451988,121.334892,1.0,-0.25,0.9897,0.0,0.806,0.194
226,122.396454,124.134811,122.295303,1.0,-0.25,0.7184,0.0,0.96,0.04
227,133.032547,147.686584,133.001938,0.0,0.0,0.0,0.0,1.0,0.0
228,146.398819,149.929977,145.128464,0.0,0.0,0.5766,0.0,0.967,0.033
229,145.172729,149.554337,142.502121,1.0,-0.25,0.9776,0.0,0.904,0.096
230,149.352325,149.352325,144.563812,0.0,0.0,0.0,0.0,1.0,0.0
231,158.902405,165.549622,135.852661,0.0,0.0,0.0,0.0,1.0,0.0
232,138.029572,141.336227,131.602921,1.0,0.5,0.9808,0.0,0.883,0.117
233,136.283081,138.847137,135.657593,1.0,-0.25,0.9891,0.0,0.83,0.17
234,132.157883,132.729141,125.402702,0.0,0.0,0.0,0.0,1.0,0.0
235,138.942383,140.85788,137.273132,1.0,-0.25,0.9538,0.0,0.897,0.103
236,134.887558,139.119415,134.677124,1.0,-0.25,0.9891,0.0,0.866,0.134
237,136.849533,137.353409,133.102798,1.0,-0.25,0.4588,0.0,0.976,0.024
238,134.012848,135.273468,130.944153,1.0,-0.25,0.9719,0.0,0.915,0.085
239,133.203903,135.180847,132.750076,0.0,0.0,0.9906,0.0,0.774,0.226
240,133.567154,138.395142,133.567154,0.0,0.0,0.7184,0.0,0.94,0.06
241,142.238297,142.371918,139.323517,1.0,-0.25,0.4588,0.0,0.985,0.015
242,140.104858,142.267212,138.841553,1.0,-0.25,0.8668,0.0,0.893,0.107
243,136.562256,138.794296,136.228607,0.0,0.0,0.9638,0.0,0.912,0.088
244,137.039871,139.385391,136.912018,1.0,-0.25,0.9517,0.0,0.92,0.08
245,137.08136,137.695343,133.490158,1.0,-0.25,0.4588,0.0,0.981,0.019
246,135.054321,135.460358,133.757339,1.0,-0.25,0.9729,0.0,0.906,0.094
247,135.454361,141.07547,135.34166,1.0,-0.25,0.9813,0.0,0.827,0.173
248,139.343201,142.54924,138.045105,1.0,-0.25,0.5093,0.0,0.961,0.039
249,142.359146,149.613235,141.031738,1.0,-0.25,0.9793,0.0,0.888,0.112
250,164.008636,178.322052,157.322144,0.0,0.0,0.0,0.0,1.0,0.0
251,158.020004,167.220383,157.443954,1.0,-0.25,0.9781,0.0,0.879,0.121
252,165.977249,175.213165,164.932098,1.0,-0.25,0.9255,0.0,0.945,0.055
253,165.335205,166.127518,161.029739,1.0,-0.25,0.9567,0.0,0.923,0.077
254,164.476089,168.591034,162.781479,1.0,-0.25,0.9824,0.009,0.871,0.12
255,161.52655,167.666321,160.888748,0.0,0.0,0.4588,0.0,0.978,0.022
256,167.553696,168.938583,165.501892,0.0,0.0,0.4588,0.0,0.987,0.013
257,166.913208,175.365326,166.672119,1.0,-0.25,0.792,0.0,0.917,0.083
258,173.787888,173.978897,170.620209,1.0,-0.25,0.9638,0.0,0.876,0.124
259,172.007217,176.850784,170.896759,0.0,0.0,0.0,0.0,1.0,0.0
260,157.291061,158.333923,153.186523,1.0,-0.25,0.9849,0.0,0.866,0.134
261,167.887222,170.645935,161.791428,0.0,0.0,0.9325,0.0,0.94,0.06
262,164.015259,165.399979,159.700653,0.0,0.0,0.9517,0.0,0.839,0.161
263,172.427277,180.394409,169.694717,0.0,0.0,0.0,0.0,1.0,0.0
264,170.312973,175.885269,168.991425,0.0,0.0,0.4588,0.0,0.961,0.039
265,187.417923,205.098267,185.305908,1.0,-0.25,0.9567,0.0,0.828,0.172
266,263.848358,266.979614,227.767426,0.0,0.0,0.0,0.0,1.0,0.0
267,243.911301,246.362762,233.099854,0.0,0.0,0.9638,0.0,0.842,0.158
268,261.267487,261.55127,241.80365,0.0,0.0,0.0,0.0,1.0,0.0
269,251.647842,262.107544,248.196304,1.0,-0.25,0.7739,0.0,0.941,0.059
270,254.995316,258.801849,242.730484,1.0,-0.25,0.8516,0.0,0.938,0.062
271,245.987091,255.259338,243.240097,0.0,0.0,0.4588,0.0,0.933,0.067
272,249.694046,257.356842,249.088791,0.0,0.0,0.9918,0.0,0.821,0.179
273,251.724792,269.166534,247.245392,1.0,-0.25,0.9001,0.0,0.87,0.13
274,267.141876,278.507263,265.444702,1.0,-0.25,0.9872,0.0,0.829,0.171
275,272.590485,274.320831,267.514374,1.0,-0.25,0.9818,0.0,0.868,0.132
276,256.015259,268.659943,249.111847,1.0,-0.25,0.9776,0.0,0.901,0.099
277,268.43335,273.557983,263.524597,0.0,0.0,0.0,0.0,1.0,0.0
278,265.512726,272.80722,265.04187,0.0,0.0,0.9406,0.0,0.828,0.172
279,252.511642,252.511642,236.127213,0.0,0.0,0.5766,0.0,0.898,0.102
280,251.249313,252.377396,243.229111,1.0,-0.25,0.9654,0.0,0.86,0.14
281,232.830139,247.66217,229.341766,1.0,-0.25,0.961,0.0,0.93,0.07
282,245.925491,261.017578,244.491318,1.0,-0.25,0.9349,0.0,0.911,0.089
283,260.913513,262.163116,255.596283,0.0,0.0,0.0,0.0,1.0,0.0
284,256.179657,265.371399,254.14743,0.0,0.0,0.9517,0.0,0.93,0.07
285,263.934143,271.505585,262.121216,1.0,-0.25,0.9255,0.0,0.812,0.188
286,268.901154,278.143188,265.535339,0.0,0.0,0.0,0.0,1.0,0.0
287,274.320251,274.320251,263.14444,1.0,-0.25,0.9671,0.0,0.912,0.088
288,271.743103,295.303314,271.743103,0.0,0.0,0.0,0.0,1.0,0.0
289,295.115082,315.189728,294.728241,0.0,0.0,0.0,0.0,1.0,0.0
290,310.678619,318.126312,307.643158,1.0,-0.25,0.7184,0.0,0.942,0.058
291,317.992584,361.398682,315.954865,0.0,0.0,0.9332,0.031,0.871,0.098
292,336.9599,343.433441,278.573242,1.0,-0.25,0.8842,0.01,0.939,0.051
293,294.143036,313.031555,292.939819,0.0,0.0,0.0,0.0,1.0,0.0
294,311.284424,322.043549,294.753845,0.0,0.0,0.0,0.0,1.0,0.0
295,319.584045,322.789581,290.695984,1.0,-0.25,0.9763,0.0,0.902,0.098
296,284.38092,293.921143,282.694702,1.0,-0.25,0.987,0.0,0.766,0.234
297,287.893829,295.991425,286.665863,0.0,0.0,0.0,0.0,1.0,0.0
298,287.603607,310.139313,286.109192,1.0,-0.25,0.9001,0.0,0.936,0.064
299,305.734772,314.267883,303.500458,0.0,0.0,0.0,0.0,1.0,0.0
300,313.325165,318.223114,305.285828,0.0,0.0,0.9558,0.0,0.919,0.081
301,269.281616,269.641235,227.269211,1.0,-0.25,0.8402,0.0,0.935,0.065
302,229.748657,234.51384,197.377899,1.0,-0.25,0.9435,0.0,0.943,0.057
303,211.444611,229.239395,208.037735,1.0,-0.25,0.9783,0.0,0.898,0.102
304,221.412659,234.198456,221.189484,1.0,-0.25,0.906,0.0,0.931,0.069
305,225.698654,226.862579,213.44838,0.0,0.0,0.9824,0.0,0.855,0.145
306,219.628128,220.236389,214.125687,1.0,-0.25,0.9799,0.0,0.798,0.202
307,207.413773,212.04184,202.252899,1.0,-0.25,0.9828,0.0,0.9,0.1
308,213.84086563265305,214.76620702040816,213.3762839183673,1.0,-0.25,0.9517,0.0,0.885,0.115
309,214.44519583673468,214.89597251020407,213.75376540816325,1.0,-0.25,0.8668,0.0,0.905,0.095
310,221.74154191836732,222.45333122448977,221.1696273673469,1.0,-0.25,0.5766,0.0,0.952,0.048
311,220.05756757142856,220.57627132653064,219.4914728979592,1.0,-0.25,0.4588,0.0,0.966,0.034
312,230.25328324489797,231.49765885714285,229.57007922448977,0.0,0.0,0.0,0.0,1.0,0.0
313,223.2764995510204,223.8927493673469,222.2895153265306,0.0,0.0,0.4588,0.0,0.967,0.033
314,213.60119685714284,214.24314967346936,212.37869330612244,1.0,-0.25,0.9719,0.0,0.862,0.138
315,208.92939116326528,209.71642516326528,207.926594,1.0,-0.25,0.9882,0.0,0.876,0.124
316,202.21926508163267,202.7403354489796,200.57861069387755,1.0,-0.25,0.8947,0.0,0.931,0.069
317,184.86090320408164,185.6346039591837,183.80560902040816,0.0,0.0,0.9325,0.0,0.922,0.078
318,189.9465529591837,191.03005083673472,189.4488213265306,1.0,-0.25,0.7184,0.0,0.926,0.074
319,198.21026818367343,198.7139998163265,197.31039871428567,0.0,0.0,0.4588,0.0,0.939,0.061
320,187.9867691632653,188.58770275510204,186.67488118367348,0.0,0.0,0.9325,0.0,0.922,0.078
321,188.52431097959183,189.60766351020408,187.7500922653061,0.0,0.0,0.0,0.0,1.0,0.0
322,188.50826095918367,189.01251693877552,187.7231582040816,0.0,0.0,0.4588,0.0,0.914,0.086
323,186.97898077551025,187.41782002040816,186.4147536938776,0.0,0.0,0.7184,0.0,0.903,0.097
324,183.231744877551,183.7171607755102,182.0017471020408,0.0,0.0,0.0,0.0,1.0,0.0
325,169.44344273469386,169.99829385714284,168.48512036734695,1.0,-0.25,0.9793,0.0,0.861,0.139
326,170.88364091836735,171.27911946938775,170.38043430612245,1.0,-0.25,0.9763,0.0,0.806,0.194
327,177.19228548979592,177.7029917755102,176.51153802040815,1.0,-0.25,0.919,0.0,0.945,0.055
328,173.0731893469388,173.54742673469386,172.48932297959183,1.0,-0.25,0.981,0.01,0.834,0.156
329,180.90332336734693,181.46619246938772,180.269029,0.0,0.0,0.9776,0.0,0.826,0.174
330,179.37868542857143,179.68649573469386,178.98004177551022,0.0,0.0,0.9255,0.0,0.898,0.102
331,182.92860365306123,183.5738148979592,182.5918817959184,0.0,0.0,0.9729,0.0,0.896,0.104
332,201.97111757142855,203.2863663061225,201.41786704081636,0.0,0.0,0.0,0.0,1.0,0.0
333,212.5167468979592,213.4945204489796,211.61980812244897,0.0,0.0,0.9509,0.0,0.932,0.068
334,208.0545553265306,208.56674520408163,206.85218853061224,0.0,0.0,0.0,0.0,1.0,0.0
335,191.02004259183676,192.11205202040816,187.90505679591837,1.0,-0.25,0.9474,0.0,0.934,0.066
336,166.86912065306123,167.76780902040818,165.47735357142858,0.0,0.0,0.0,0.0,1.0,0.0
337,169.77842340816326,170.40122897959182,168.7491366530612,0.0,0.0,0.0,0.0,1.0,0.0
338,172.48023161224492,173.6435144489796,171.70442053061225,0.0,0.0,0.0,0.0,1.0,0.0
339,179.10079840816326,180.03215371428573,177.97515618367348,0.0,0.0,0.8402,0.0,0.961,0.039
340,176.31110326530612,177.06155359183674,175.76110763265305,1.0,-0.25,0.9742,0.0,0.884,0.116
341,176.1231368367347,176.55284102040815,175.24489528571428,0.0,0.0,0.4588,0.0,0.974,0.026
342,174.7779272244898,175.3951444489796,174.19089973469386,0.0,0.0,0.7184,0.0,0.85,0.15
343,174.9384963265306,175.4400661632653,174.3081543877551,1.0,-0.25,0.9461,0.0,0.901,0.099
344,173.10743632653063,173.62050097959184,172.32346477551022,1.0,-0.25,0.9861,0.0,0.801,0.199
345,180.4941501632653,181.1369381632653,179.81537534693877,1.0,-0.25,0.8402,0.0,0.921,0.079
346,185.5591081836735,186.7740916530612,184.9193559591837,1.0,-0.25,0.9638,0.0,0.918,0.082
347,185.70838920408164,186.39507759183675,184.46105785714283,0.0,0.0,0.9776,0.0,0.889,0.111
348,182.38232708163267,182.97397726530613,181.8133639387755,0.0,0.0,0.9567,0.0,0.911,0.089
349,182.07676148979596,182.64644718367347,181.5979011020408,0.0,0.0,0.0,0.0,1.0,0.0
350,183.53935659183676,184.1759922244898,183.1659648367347,1.0,-0.25,0.7739,0.0,0.956,0.044
351,183.0709602244898,183.51734432653063,182.1535262040817,1.0,-0.25,0.7184,0.0,0.951,0.049
352,176.9084435714286,177.27956346938774,176.16069720408163,1.0,0.0,0.9517,0.0,0.908,0.092
353,172.6903968367347,173.19098430612246,172.10194804081632,0.0,0.0,0.4588,0.0,0.956,0.044
354,172.29111759183675,172.8571161020408,171.8757290612245,0.0,0.0,0.7184,0.0,0.957,0.043
355,174.35193367346938,174.7624842857143,173.8362806122449,1.0,-0.25,0.9793,0.0,0.754,0.246
356,164.4690367755102,164.92225669387756,163.24680459183674,0.0,0.0,0.906,0.0,0.9,0.1
357,168.56734108163266,170.2510228979592,168.02624528571428,1.0,-0.25,0.9567,0.0,0.857,0.143
358,182.1025932244898,183.82066336734687,180.4839551836735,0.0,0.0,0.9049,0.0,0.895,0.105
359,186.2389873469388,187.32258685714285,185.60702785714287,0.0,0.0,0.0,0.0,1.0,0.0
360,181.39170808163263,181.93632057142855,180.82029587755105,1.0,-0.25,0.9799,0.0,0.798,0.202
361,182.94914608163268,183.3567133469388,182.5658707755102,1.0,-0.25,0.9871,0.0,0.911,0.089
362,182.0021393265306,182.3570248163265,181.50200297959185,0.0,0.0,0.0,0.0,1.0,0.0
363,183.67834757142856,184.2918966122449,183.37595120408164,1.0,-0.25,0.9777,0.0,0.898,0.102
364,190.40884683673468,191.0921888979592,189.94403426530613,1.0,-0.25,0.9818,0.0,0.888,0.112
365,187.8062102653061,188.201451,187.13238777551015,0.0,0.0,0.8402,0.0,0.964,0.036
366,185.0478422653061,185.47420365306124,184.39676259183676,0.0,0.0,0.0,0.0,1.0,0.0
367,187.19496651020407,187.80613487755105,186.78299557142856,1.0,-0.25,0.9818,0.0,0.894,0.106
368,187.04863122448975,187.33486581632653,186.46931263265307,1.0,-0.25,0.9677,0.0,0.916,0.084
369,186.93872097777776,187.37581953333333,186.5966209555556,1.0,-0.2708333333333333,0.9585,0.0,0.911,0.089
370,185.6218878979592,185.96968567346937,185.1029039591837,0.0,0.0,0.9001,0.0,0.942,0.058
371,181.48712448979592,181.92929128571427,181.20358514285715,0.0,0.0,0.0,0.0,1.0,0.0
372,183.4710373469388,183.97023153061224,183.0872817755102,0.0,0.0,0.9638,0.0,0.903,0.097
373,181.69982567346935,182.05320724489795,181.02133687755105,0.0,0.0,0.0,0.0,1.0,0.0
374,175.8906623877551,176.38404081632652,175.22790026530612,0.0,0.0,0.8877,0.0,0.951,0.049
375,175.64969965306122,176.14557446938775,175.1838864489796,1.0,-0.25,0.977,0.0,0.887,0.113
376,153.81358959183677,154.8222059387755,151.9682469591837,1.0,-0.25,0.7184,0.0,0.96,0.04
377,150.29841263265303,151.187787,149.58104575510202,1.0,-0.25,0.8757,0.0,0.924,0.076
378,147.8775617755102,148.3980798367347,146.85540208163266,0.0,0.0,0.0,0.0,1.0,0.0
379,142.56660013333334,144.06106582222222,141.31071862222225,0.0,0.0,0.9359,0.0,0.937,0.063
380,146.41641453061223,147.19295430612246,145.73503822448978,1.0,-0.25,0.7739,0.0,0.948,0.052
381,152.32406620408162,152.89966502040815,151.68716581632654,1.0,-0.25,0.9849,0.0,0.885,0.115
382,152.9099266734694,153.27145508163264,152.32786412244897,0.0,0.0,0.0,0.0,1.0,0.0
383,148.1332294489796,148.48306989795918,147.72391179591835,0.0,0.0,0.9776,0.0,0.877,0.123
384,146.48568124489796,147.0438942244898,145.8881813265306,1.0,-0.25,0.7739,0.0,0.926,0.074
385,146.5548263877551,147.1305182857143,146.18059338775512,0.0,0.0,0.9001,0.0,0.948,0.052
386,147.50380579591837,147.860826877551,147.15972493877553,1.0,-0.25,0.9835,0.0,0.788,0.212
387,148.06974695918368,148.30101455102042,147.81315859183673,0.0,0.0,0.0,0.0,1.0,0.0
388,148.60864659183673,149.00638630612244,148.35945589795918,0.0,0.0,0.0,0.0,1.0,0.0
389,149.11417134693878,149.40701918367347,148.70410955102042,1.0,-0.25,0.9517,0.0,0.931,0.069
390,146.46856846938775,146.69315240816326,146.09832569387754,1.0,-0.25,0.9906,0.0,0.856,0.144
391,144.69225812244898,144.92488175510204,144.35500742857144,1.0,-0.25,0.8636,0.0,0.933,0.067
392,143.38419718367348,143.81921730612245,142.9572853265306,0.0,0.0,0.0,0.0,1.0,0.0
393,144.51848336734693,144.75096124489795,144.2429902244898,0.0,0.0,0.9325,0.0,0.939,0.061
394,142.1943875510204,142.5117419183673,141.84238685714286,1.0,-0.25,0.9141,0.0,0.913,0.087
395,139.42815359183675,139.69152763265305,138.5452380612245,1.0,-0.25,0.9141,0.0,0.907,0.093
396,129.243207877551,129.5955415510204,128.2690832857143,0.0,0.0,0.0,0.0,1.0,0.0
397,124.97136402040816,126.18375846938775,124.21755224489796,1.0,-0.25,0.4588,0.0,0.976,0.024
398,127.79985265306124,128.29042128571427,127.05146253061224,0.0,0.0,0.0,0.0,1.0,0.0
399,127.25889720408163,127.47362569387757,127.01351206122447,1.0,-0.25,0.9435,0.0,0.844,0.156
400,129.15506385714286,129.68163334693878,128.93527530612243,0.0,0.0,0.4588,0.0,0.943,0.057
401,131.74014269387754,132.20350510204082,131.07727995918367,0.0,0.0,0.0,0.0,1.0,0.0
402,125.38813259183674,125.63792851020408,124.87541816326532,0.0,0.0,0.7184,0.0,0.909,0.091
403,127.69985740816328,128.10016659183674,127.38223869387755,0.0,0.0,0.0,0.0,1.0,0.0
404,133.14217395918368,133.5519868367347,132.6564400612245,1.0,-0.25,0.8706,0.022,0.905,0.073
405,130.90535253061225,131.26821797959184,130.45486034693877,1.0,-0.25,0.9671,0.0,0.913,0.087
406,130.97491144897958,131.34949710204083,130.66955689795918,1.0,-0.25,0.4588,0.0,0.976,0.024
407,130.91451557142855,131.64293910204083,130.48734736734693,1.0,-0.25,0.4588,0.0,0.981,0.019
408,133.64527587755103,133.99352487755104,133.32388893877553,0.0,0.0,0.9776,0.0,0.9,0.1
409,136.00902240816325,136.47714697959185,135.65501273469386,0.0,0.0,0.9808,0.0,0.891,0.109
410,140.13766412244897,140.94812624489796,139.75264563265304,1.0,-0.25,0.993,0.0,0.808,0.192
411,142.73371420408162,143.1804442857143,142.12854848979592,0.0,0.0,0.4588,0.0,0.925,0.075
412,142.48485353061224,143.11485720408163,141.70547355102042,0.0,0.0,0.0,0.0,1.0,0.0
413,138.55889340816327,138.97334657142858,137.98013069387756,1.0,-0.25,0.9517,0.0,0.924,0.076
414,139.18014369387754,139.8870883265306,138.63939593877552,0.0,0.0,0.0,0.0,1.0,0.0
415,143.6632681428571,143.98655569387753,143.2427986734694,1.0,-0.25,0.8516,0.0,0.92,0.08
416,153.80981740816327,155.72717446938776,153.05867195918367,0.0,0.0,0.0,0.0,1.0,0.0
417,162.42475153061224,163.14588063265307,161.44284981632654,0.0,0.0,0.9719,0.0,0.885,0.115
418,172.1883209387755,173.28140363265305,171.1783472857143,0.0,0.0,0.0,0.0,1.0,0.0
419,165.74885977551023,166.35744659183672,165.17799191836735,1.0,-0.25,0.9877,0.0,0.759,0.241
420,167.61817287755102,168.19326755102043,167.15101463265307,1.0,-0.25,0.555,0.0,0.967,0.033
421,163.54991224489797,164.0104538979592,162.72745548979591,0.0,0.0,0.836,0.018,0.89,0.092
422,160.7791707755102,161.50060097959184,160.02101512244897,0.0,0.0,0.8402,0.0,0.878,0.122
423,160.19851614285716,160.72218844897958,159.6096423877551,1.0,-0.25,0.9001,0.0,0.912,0.088
424,163.19340446938776,163.90408820408163,162.82451281632655,1.0,-0.25,0.9686,0.0,0.914,0.086
425,168.81691530612247,169.51924312244898,168.2459406734694,1.0,-0.25,0.4588,0.0,0.966,0.034
426,172.02071136734693,172.85776155102042,171.4520013877551,1.0,-0.25,0.4588,0.0,0.976,0.024
427,176.4422017346939,177.00393820408163,175.79123140816327,1.0,-0.25,0.9873,0.0,0.864,0.136
428,181.2550389387755,181.79624159183672,180.26320028571428,1.0,-0.28125,0.964,0.0,0.923,0.077
429,182.18538306122448,182.84623573469383,181.6207179183673,1.0,-0.25,0.9325,0.0,0.941,0.059
430,187.764949,188.71102855102043,187.06599897959185,1.0,-0.25,0.9776,0.0,0.904,0.096
431,188.03574948979596,188.6408468571429,187.28701275510207,1.0,-0.25,0.8668,0.0,0.911,0.089
432,223.07369328571428,224.06894059183676,221.93625085714288,0.0,0.0,0.0,0.0,1.0,0.0
433,227.20813274468085,228.09945197872335,226.51132423404252,0.0,0.0,0.0,0.0,1.0,0.0
434,222.8954925102041,223.73009420408164,221.5953071020408,0.0,0.0,0.8402,0.0,0.935,0.065
435,225.7966312857143,227.1603496734694,224.93484928571428,1.0,-0.25,0.8668,0.0,0.926,0.074
436,272.11761806122445,274.070335244898,270.83127575510207,1.0,-0.25,0.0,0.0,1.0,0.0
437,277.38451653061225,278.77150383673467,275.1497890408164,1.0,-0.25,0.9001,0.0,0.917,0.083
438,263.2976337346939,265.18045808163265,260.5009062448979,0.0,0.0,0.0,0.0,1.0,0.0
439,257.7171398979592,259.33500824489795,255.5653318979592,0.0,0.0,0.983,0.0,0.889,0.111
440,262.1236961836735,263.45193575510206,260.9118181020408,0.0,0.0,0.0,0.0,1.0,0.0
441,261.5720729591837,262.5444327959184,260.45190095918366,0.0,0.0,0.9638,0.0,0.917,0.083
442,234.80408579591835,236.44815722448985,231.9727868571429,0.0,0.0,0.8402,0.0,0.743,0.257
443,225.4199512244898,227.03671304081632,223.4144123877551,0.0,0.0,0.0,0.0,1.0,0.0
444,226.12374387755105,227.3954412653061,224.84935736734693,1.0,-0.25,0.9001,0.0,0.946,0.054
445,219.7757691020408,221.2089364693877,218.41898840816324,0.0,0.0,0.9638,0.0,0.918,0.082
446,226.99497902040815,227.8450164489796,225.7363809387755,0.0,0.0,0.7184,0.0,0.909,0.091
447,224.36656306666669,225.2140093555556,223.46308626666664,1.0,-0.25,0.4588,0.0,0.966,0.034
448,229.4971814489796,230.51376440816327,228.75636512244893,0.0,0.0,0.0,0.0,1.0,0.0
449,235.3199678979592,236.713979122449,234.6880321632653,0.0,0.0,0.7184,0.0,0.922,0.078
450,242.749595877551,243.7342547959184,241.48267928571428,1.0,-0.25,0.9841,0.0,0.897,0.103
451,200.6718060612245,202.6020694081633,198.53346728571427,0.0,0.0,0.0,0.0,1.0,0.0
452,201.7035500612245,202.78661732653063,200.43090814285716,1.0,-0.25,0.8619,0.0,0.876,0.124
453,195.9805721632653,197.1376387755102,194.35739085714283,1.0,-0.25,0.9729,0.0,0.816,0.184
454,122.74163255102042,127.42468438775512,118.75947557142857,1.0,-0.25,0.9719,0.0,0.88,0.12
455,129.02596885714286,130.0317219387755,127.45784640816326,1.0,-0.25,0.7424,0.0,0.91,0.09
456,123.58951148979592,124.86453351020408,122.60538067346938,0.0,0.0,0.9325,0.0,0.937,0.063
457,113.27951259183676,114.70951259183674,111.1130906122449,1.0,-0.25,0.8402,0.0,0.953,0.047
458,116.3274853877551,117.64159757142856,115.39544457142856,1.0,-0.25,0.8625,0.018,0.894,0.088
459,114.8968906734694,115.78268616326532,114.0180226734694,0.0,0.0,0.4588,0.0,0.9,0.1
460,125.60346587755102,127.47403520408164,124.63271151020408,0.0,0.0,0.4588,0.0,0.981,0.019
461,138.09610769387754,140.22783277551022,135.8201154897959,0.0,0.0,0.8402,0.0,0.871,0.129
462,131.94493389795915,133.22066146938775,130.50456646938775,1.0,-0.25,0.9833,0.0,0.886,0.114
463,130.1692068367347,131.1128906530612,128.79161902040818,1.0,-0.25,0.9818,0.0,0.845,0.155
464,127.13889759183674,128.69084910204083,126.23812004081633,1.0,-0.25,0.5766,0.0,0.949,0.051
465,137.17600281632653,138.28507208163265,136.03854646938777,0.0,0.0,0.0,0.0,1.0,0.0
466,135.4910341632653,136.1287870612245,134.89685779591835,0.0,0.0,0.0,0.0,1.0,0.0
467,136.9532639591837,137.4357692857143,136.2107743469388,1.0,-0.25,0.4588,0.0,0.976,0.024
468,128.81944377551022,129.49964785714286,127.9377997755102,1.0,-0.25,0.9517,0.0,0.896,0.104
469,128.4888843877551,128.87273648979593,127.81612346938776,0.0,0.0,0.0,0.0,1.0,0.0
470,142.38000934693878,143.09489534693878,141.5695792857143,1.0,-0.25,0.4588,0.0,0.972,0.028
471,142.02153426530612,142.67831232653063,141.46758828571427,0.0,0.0,0.4588,0.0,0.98,0.02
472,143.3228778979592,143.717725,142.7859608367347,1.0,-0.25,0.9742,0.0,0.891,0.109
473,154.7150656122449,156.56842130612245,153.98417553061225,0.0,0.0,0.0,0.0,1.0,0.0
474,170.34607032653062,171.52845167346936,168.9772106734694,0.0,0.0,0.0,0.0,1.0,0.0
475,169.56653726530612,170.70735236734694,168.7284325510204,0.0,0.0,0.4588,0.0,0.94,0.06
476,160.33896467346938,161.02591363265307,158.88070355102042,0.0,0.0,0.0,0.0,1.0,0.0
477,158.02650991836734,158.66056269387755,157.38914979591837,1.0,-0.25,0.7739,0.0,0.919,0.081
478,159.46066104081632,160.207897,158.8283777755102,0.0,0.0,0.0,0.0,1.0,0.0
479,157.89460495918368,158.4641045102041,157.12944573469386,1.0,-0.25,0.9655,0.0,0.913,0.087
480,164.73204946938776,166.53116881632653,163.77488614285713,1.0,-0.25,0.987,0.0,0.772,0.228
481,177.54098108163268,178.80000969387754,177.02383822448982,1.0,-0.25,0.9776,0.0,0.903,0.097
482,178.7749025510204,179.84150085714285,177.24227089795917,1.0,-0.25,0.9001,0.0,0.957,0.043
483,171.54342275510206,172.320376877551,170.76046614285713,0.0,0.0,0.0,0.0,1.0,0.0
484,176.8483754081633,177.8530817755102,176.34829793877552,1.0,-0.25,0.9325,0.0,0.917,0.083
485,184.95571791836736,186.07099728571427,184.04327861224488,0.0,0.0,0.9517,0.0,0.906,0.094
486,187.55024708163265,188.3347017959184,186.8931042244898,1.0,-0.25,0.9821,0.0,0.901,0.099
487,192.99880447727276,194.0055085,192.2270348636364,1.0,-0.25,0.0,0.0,1.0,0.0
488,195.18415487755104,195.8852034897959,194.59220542857145,1.0,-0.25,0.906,0.0,0.922,0.078
489,195.16317802040817,195.80617948979597,194.33069720408164,0.0,0.0,0.7184,0.0,0.951,0.049
490,206.98745295918368,208.53601297959185,206.24703085714285,0.0,0.0,0.9325,0.0,0.8,0.2
491,214.04794151020408,215.6322386530612,211.88503918367348,0.0,0.0,0.9001,0.0,0.952,0.048
492,211.23166802040816,212.388122877551,210.2947119183673,1.0,-0.25,0.9241,0.0,0.927,0.073
493,212.7587772857143,213.3732149795918,212.20895259183672,0.0,0.0,0.9638,0.0,0.892,0.108
494,205.7374081632653,206.6036454081633,204.8106352653061,1.0,-0.25,0.8002,0.0,0.958,0.042
495,206.7351296734694,207.57295146938776,205.83389546938776,1.0,-0.25,0.9567,0.0,0.849,0.151
496,212.0702482857143,212.7469208163265,211.27268404081636,1.0,-0.25,0.0,0.0,1.0,0.0
497,189.09637142857144,190.1539224489796,186.62798297959185,1.0,-0.25,0.9406,0.0,0.919,0.081
498,187.13616708163264,188.2318843877551,185.61323138775512,1.0,-0.25,0.9808,0.0,0.898,0.102
499,189.24627214285715,190.07492548979596,188.5469754489796,0.0,0.0,0.0,0.0,1.0,0.0
500,200.76431653061223,201.69709385714285,199.83344530612248,1.0,-0.25,0.6369,0.028,0.92,0.052
501,199.1937836530612,199.84217124489797,198.11521787755103,0.0,0.0,0.0,0.0,1.0,0.0
502,199.95353853061224,200.75594273469383,199.28942014285715,1.0,-0.25,0.9776,0.0,0.873,0.127
503,204.3889565510204,205.147366,203.862302,1.0,-0.25,0.6505,0.0,0.966,0.034
504,212.84203630612245,213.7871114897959,212.0575320408163,0.0,0.0,0.9818,0.0,0.891,0.109
505,212.62989663265304,213.1984680612245,211.8557765510204,0.0,0.0,0.0,0.0,1.0,0.0
506,212.2817600612245,212.7483025918367,211.42501663265307,1.0,-0.25,0.5766,0.0,0.953,0.047
507,204.8061051020408,205.45684046938777,203.4944170612245,1.0,-0.25,0.7424,0.0,0.973,0.027
508,202.9003492244898,203.87268442857143,202.3130788367347,0.0,0.0,0.0,0.0,1.0,0.0
509,207.70111202040812,208.313397122449,207.07192285714285,1.0,-0.25,0.9558,0.0,0.887,0.113
510,203.10393165306124,203.8641112244898,202.52586851020408,0.0,0.0,0.0,0.0,1.0,0.0
511,202.09856259183675,202.5708683265306,201.38906697959183,1.0,-0.25,0.9875,0.0,0.836,0.164
512,210.02276402040815,210.94707153061225,209.51046246938776,0.0,0.0,0.4588,0.0,0.962,0.038
513,220.55296018367343,221.33116067346936,219.8650622857143,0.0,0.0,0.0,0.0,1.0,0.0
514,232.23157569387757,233.9680233877551,231.32519308163268,1.0,-0.25,0.7739,0.0,0.948,0.052
515,237.78145671428567,238.5996991428572,236.2531188979592,1.0,-0.25,0.961,0.0,0.923,0.077
516,238.52653591836736,240.05216902040812,237.63955208163264,0.0,0.0,0.0,0.0,1.0,0.0
517,244.05282012244896,244.9841224489796,242.46010808163263,1.0,-0.25,0.8757,0.0,0.937,0.063
518,238.6923513877551,239.60570042857145,237.97478463265304,1.0,-0.25,0.9783,0.0,0.803,0.197
519,243.21031195918368,244.01242795918367,242.0303123469388,0.0,0.0,0.9001,0.0,0.905,0.095
520,242.78284885714285,243.5183571020408,241.767797,1.0,-0.25,0.9774,0.0,0.909,0.091
521,241.2439052040816,241.9351234489796,240.6300925102041,0.0,0.0,0.9531,0.0,0.788,0.212
522,240.5458792040816,241.3515358571429,239.7958215510204,0.0,0.0,0.9854,0.0,0.886,0.114
523,243.32663302040817,243.91270281632652,242.60711320408163,0.0,0.0,0.9325,0.0,0.942,0.058
524,244.27085851020408,244.91594191836737,243.74836220408164,0.0,0.0,0.8877,0.0,0.94,0.06
525,241.9683375102041,242.6289450204081,240.3565913877551,0.0,0.0,0.9719,0.0,0.898,0.102
526,235.451948122449,236.31866716326533,234.8668380612245,1.0,-0.25,0.4588,0.0,0.976,0.024
527,236.6947881020408,237.17924693877552,236.2326465102041,0.0,0.0,0.9872,0.0,0.872,0.128
528,235.7866976530612,236.13166236734696,235.0479222653061,1.0,-0.25,0.4588,0.0,0.976,0.024
529,233.0900469183673,233.825598,232.51665606122447,1.0,-0.25,0.9902,0.0,0.839,0.161
530,233.0047422653061,233.6543684897959,232.3769723265306,0.0,0.0,0.0,0.0,1.0,0.0
531,232.36976932653064,232.78225812244892,231.774519,1.0,-0.25,0.9538,0.0,0.93,0.07
532,229.51275451020408,230.03457375510203,228.81153430612247,1.0,-0.25,0.9801,0.0,0.901,0.099
533,228.566048244898,229.0156942857143,228.15470663265307,0.0,0.0,0.7476,0.0,0.941,0.059
534,237.4339463673469,238.61379624489797,237.03805587755105,0.0,0.0,0.9638,0.0,0.915,0.085
535,230.85974463265305,231.40881493877552,230.17611142857143,0.0,0.0,0.9001,0.0,0.918,0.082
536,227.36472418367347,227.9741514897959,226.41111377551024,1.0,-0.25,0.9777,0.0,0.881,0.119
537,223.385345,224.25591147619048,222.7400636190476,1.0,-0.25,0.9719,0.0,0.892,0.108
538,224.854315,225.56312681632653,224.27908142857143,1.0,0.125,0.9742,0.0,0.909,0.091
539,226.36262102040817,226.8352409591837,225.79990175510207,1.0,-0.25,0.9776,0.0,0.894,0.106
540,228.07090985714285,228.7835942653061,227.6693007959184,1.0,-0.25,0.9803,0.0,0.873,0.127
541,228.48405938775508,228.99177308163263,227.71636653061225,0.0,0.0,0.0,0.0,1.0,0.0
542,226.78120314285712,227.13835342857143,226.23885655102043,0.0,0.0,0.0,0.0,1.0,0.0
543,226.6432343469388,227.16641097959183,226.34006767346935,0.0,0.0,0.0,0.0,1.0,0.0
544,226.48686114285715,226.89483102040816,225.9247856122449,1.0,-0.25,0.9845,0.0,0.778,0.222
545,233.98091863265304,235.10842257142855,233.5648882857143,1.0,0.375,0.9861,0.0,0.782,0.218
546,238.39576724489797,239.00146640816325,237.5244624081633,0.0,0.0,0.9776,0.0,0.901,0.099
547,243.1681627142857,244.187732,242.53323216326527,1.0,-0.25,0.9755,0.0,0.91,0.09
548,243.8903732857143,244.4298300408163,242.94895206122447,1.0,-0.25,0.9001,0.0,0.94,0.06
549,239.4420002244898,239.95885283673468,238.7510312244898,0.0,0.0,0.7184,0.0,0.948,0.052
550,239.65275071428573,239.99117308163267,239.16431097959185,0.0,0.0,0.9325,0.0,0.932,0.068
551,239.57978859183677,240.14777840816328,239.10102485714285,1.0,-0.25,0.4588,0.0,0.976,0.024
552,242.22595653061225,242.7398064489796,241.5808648163265,0.0,0.0,0.3612,0.045,0.902,0.053
553,239.26884991836727,239.6118917346939,238.78359542857143,1.0,-0.25,0.9821,0.013,0.881,0.106
554,234.48144718367345,234.92686236734696,233.75288102040815,0.0,0.0,0.9849,0.0,0.868,0.132
555,234.29032004081637,234.74048930612247,234.07663040816328,1.0,-0.25,0.8668,0.0,0.951,0.049
556,234.93118975510205,235.3616467346939,234.59468855102045,1.0,-0.25,0.9717,0.0,0.924,0.076
557,237.93316067346936,238.2635968979592,237.44678869387755,1.0,-0.25,0.9001,0.0,0.948,0.052
558,241.4431123469388,242.23196457142856,241.03450957142852,0.0,0.0,0.0,0.0,1.0,0.0
559,267.32874777551024,268.67884624489795,266.3687161020408,0.0,0.0,0.0,0.0,1.0,0.0
560,275.8025038163265,277.1369967551021,274.483873,0.0,0.0,0.4588,0.0,0.941,0.059
561,287.8509462653061,290.02369381632656,286.83257891836735,0.0,0.0,0.9719,0.0,0.904,0.096
562,322.02812097959185,324.653698,319.8940393469388,1.0,-0.25,0.0,0.0,1.0,0.0
563,317.71060697959183,319.3044076530612,315.586762122449,1.0,-0.25,0.9882,0.0,0.848,0.152
564,322.0111222244898,323.79471826530613,320.88247140816327,1.0,-0.25,0.9001,0.0,0.875,0.125
565,339.7647699591837,341.448803244898,338.2359375918367,0.0,0.0,0.4588,0.0,0.95,0.05
566,360.8660941836735,363.9836318571429,359.20831495918367,0.0,0.0,0.0,0.0,1.0,0.0
567,390.805029877551,392.9408290408163,388.637043,1.0,-0.25,0.9141,0.0,0.881,0.119
568,393.9826696938776,396.0219174489796,392.3346627551021,1.0,-0.25,0.9742,0.0,0.881,0.119
569,396.6478339183673,397.5801771020408,395.0442895714286,1.0,-0.25,0.9959,0.0,0.796,0.204
570,385.3706443877551,387.1362727755102,383.9881577755102,1.0,-0.25,0.4588,0.0,0.976,0.024
571,391.80480075510206,393.00667532653057,389.8698105918367,1.0,-0.25,0.9719,0.0,0.903,0.097
572,394.46839804081634,395.8835907346938,393.0622755918368,1.0,-0.25,0.4588,0.0,0.966,0.034
573,387.8884635510205,389.075488,385.1369515510204,1.0,-0.25,0.9776,0.0,0.903,0.097
574,380.8327308571429,382.6216799387755,379.2370125510204,1.0,-0.25,0.5962,0.0,0.965,0.035
575,429.1685158571429,431.3283216122449,427.20889502040814,1.0,-0.25,0.9784,0.0,0.905,0.095
576,435.7649589387755,437.2864205714286,433.83642046938775,1.0,-0.25,0.7739,0.0,0.941,0.059
577,427.72593032653066,429.4160375306122,425.5335967959184,0.0,0.0,0.4588,0.0,0.985,0.015
578,430.7182398979592,432.8815303061224,428.41851587755104,1.0,-0.25,0.976,0.0,0.886,0.114
579,427.4918289183673,428.92469983673465,425.4525327142857,1.0,-0.25,0.9359,0.0,0.886,0.114
580,411.08610022448977,412.84560073469385,409.64114475510206,1.0,-0.25,0.9763,0.0,0.901,0.099
581,406.3411994489796,407.84342795918366,403.36328840816327,1.0,-0.25,0.9517,0.0,0.838,0.162
582,390.7369966530612,391.7828656530612,389.3040774489796,0.0,0.0,0.9325,0.0,0.911,0.089
583,400.1856935918368,402.0254812244898,399.039481755102,0.0,0.0,0.8159,0.0,0.963,0.037
584,391.5204425714286,393.0285290612245,388.4703138163265,0.0,0.0,0.9325,0.0,0.8,0.2
585,384.8758662857143,386.58088285714285,383.5372620612245,0.0,0.0,0.0,0.0,1.0,0.0
586,383.3467318979592,385.0893710612245,381.4809486938776,1.0,-0.25,0.7184,0.0,0.953,0.047
587,390.5234607755102,392.1791352857143,389.4355884489796,1.0,0.0,0.9911,0.0,0.829,0.171
588,399.3262773877551,400.6974768163265,398.1685186734694,1.0,-0.25,0.9001,0.0,0.918,0.082
589,411.36687140816326,413.7147749183673,410.3826197551021,1.0,-0.25,0.9835,0.0,0.792,0.208
590,429.5214082244898,431.31306802040814,427.7295953469388,1.0,-0.25,0.9474,0.0,0.907,0.093
591,463.3349887959184,467.3328955918367,461.0069223061224,1.0,-0.25,0.9907,0.0,0.86,0.14
592,453.8644464081633,456.2634896734694,448.6789800408163,1.0,-0.25,0.7184,0.0,0.953,0.047
593,420.89551,423.8500504285715,414.9344836734694,0.0,0.0,0.0,0.0,1.0,0.0
594,361.153640632653,364.7775973877551,354.4331500612245,0.0,0.0,0.0,0.0,1.0,0.0
595,342.8109094693877,346.9408987346939,339.18983471428567,1.0,-0.25,0.5766,0.0,0.975,0.025
596,345.64286236734694,348.3257527346939,342.3331502857143,0.0,0.0,0.0,0.0,1.0,0.0
597,342.31147491836737,344.6490380816326,339.3848320816326,1.0,-0.25,0.9648,0.0,0.924,0.076
598,366.3434555306123,369.170889489796,364.37534193877553,0.0,0.0,0.0,0.0,1.0,0.0
599,366.1369081632653,368.0189877959184,364.3369914489796,1.0,-0.25,0.8964,0.022,0.911,0.067
600,373.39235506122446,375.0191520816326,372.0651468163265,1.0,-0.25,0.9626,0.0,0.918,0.082
601,370.364277244898,372.5643918163265,368.3871380204082,0.0,0.0,0.8402,0.0,0.88,0.12
602,364.3539589387755,365.94688624489794,362.79087222448976,0.0,0.0,0.9929,0.011,0.864,0.124
603,384.3189284489796,385.56804375510205,382.6741835918367,0.0,0.0,0.0,0.0,1.0,0.0
604,376.496489632653,377.3444488163266,374.6760073469388,1.0,-0.25,0.9719,0.0,0.874,0.126
605,356.8916356326531,358.5352455102041,353.8926320408163,0.0,0.0,0.0,0.0,1.0,0.0
606,342.3380370612245,343.86511897959184,340.8558171836735,1.0,-0.25,0.988,0.0,0.835,0.165
607,336.767957244898,337.92778340816324,334.56753485714285,1.0,-0.25,0.9889,0.0,0.759,0.241
608,334.4117350204082,336.9830915714286,333.3241858163265,1.0,-0.25,0.9719,0.0,0.915,0.085
609,352.0338957346939,353.2709136122449,350.8564717755102,0.0,0.0,0.9638,0.0,0.917,0.083
610,360.4101211020408,361.6122889591837,359.1603599591837,1.0,-0.25,0.9861,0.0,0.81,0.19
611,355.6163878979592,356.7149665918367,354.6113643061224,0.0,0.0,0.0,0.0,1.0,0.0
612,356.3991533265306,357.21813820408164,355.394651877551,0.0,0.0,0.0,0.0,1.0,0.0
613,360.04386006122445,361.3282531428572,358.5558581836735,1.0,-0.25,0.9681,0.0,0.913,0.087
614,344.8138709591837,346.0335799387755,343.13157475510206,0.0,0.0,0.0,0.0,1.0,0.0
615,347.164053632653,347.9903614081633,346.38625642857147,1.0,-0.25,0.9661,0.0,0.864,0.136
616,348.24780069387754,349.1864437959184,347.56818391836737,0.0,0.0,0.0,0.0,1.0,0.0
617,339.71149153061225,340.6896088979592,338.663787,1.0,-0.25,0.9325,0.0,0.946,0.054
618,343.25805402040817,344.58145891836733,342.3907651224489,1.0,-0.25,0.8402,0.0,0.959,0.041
619,356.57250785714285,357.9644965918367,355.7601192040816,1.0,-0.25,0.9861,0.0,0.779,0.221
620,373.0647442040817,374.38524797959184,372.0488578367347,1.0,-0.25,0.9567,0.0,0.916,0.084
621,372.96955991836734,373.9562611428572,372.1024088367347,0.0,0.0,0.0,0.0,1.0,0.0
622,378.6973211632653,380.3449420816326,377.3992313061224,1.0,-0.25,0.9818,0.0,0.902,0.098
623,382.3529172244898,383.2092994081633,380.65658077551024,0.0,0.0,0.9517,0.0,0.927,0.073
624,379.9279891020408,381.0268606734694,378.6413268979592,1.0,0.0,0.961,0.0,0.911,0.089
625,376.6998414285714,377.770179,375.4964107346939,0.0,0.0,0.9896,0.0,0.825,0.175
626,369.7242551020408,370.7383982653061,368.066069632653,1.0,-0.25,0.9858,0.0,0.872,0.128
627,372.9026028367347,373.78260522448977,372.4263091836734,1.0,-0.25,0.9799,0.0,0.798,0.202
628,377.3504007142857,378.2883195306123,376.5118830816326,1.0,-0.25,0.9671,0.0,0.861,0.139
629,373.5683611428572,374.4155309591837,372.130226,1.0,-0.25,0.9729,0.0,0.826,0.174
630,383.4169268979592,385.8981073061225,382.10036665306126,1.0,-0.25,0.9716,0.0,0.904,0.096
631,405.6865023877551,408.10697271428575,404.0884960408163,1.0,-0.25,0.9751,0.0,0.904,0.096
632,412.4018638979592,413.68550877551024,410.79269451020406,0.0,0.0,0.0,0.0,1.0,0.0
633,409.1670947346939,410.0418206122449,407.8528703469388,1.0,-0.25,0.9567,0.0,0.847,0.153
634,399.1913915102041,400.8820991428572,397.97302977551016,1.0,-0.25,0.9538,0.0,0.844,0.156
635,394.2099408367348,395.4160153469388,391.8864557551021,1.0,-0.25,0.4588,0.0,0.966,0.034
636,388.6816543265306,389.9834222857143,387.29834197959184,0.0,0.0,0.9638,0.0,0.916,0.084
637,382.1463317346939,383.6321371836734,380.4941307551021,0.0,0.0,0.9638,0.0,0.781,0.219
638,386.577755877551,387.92306391836735,385.4807195510204,0.0,0.0,0.0,0.0,1.0,0.0
639,388.7765373877551,390.1115534489796,387.8541944285714,0.0,0.0,0.9776,0.0,0.893,0.107
640,390.4472650612245,391.6459337346939,388.51484977551024,1.0,-0.25,0.9783,0.0,0.803,0.197
641,380.6084905306122,381.9490894081632,379.1720968163266,0.0,0.0,0.9391,0.0,0.918,0.082
642,406.8147539591837,409.0809375510205,404.8988942653061,0.0,0.0,0.4588,0.0,0.952,0.048
643,437.271157367347,441.1430739387756,434.9849448979592,0.0,0.0,0.9406,0.0,0.94,0.06
644,453.1508686734694,455.4517444081633,449.1513542857143,0.0,0.0,0.0,0.0,1.0,0.0
645,444.8450777755102,447.4349072857143,443.14395465306126,0.0,0.0,0.0,0.0,1.0,0.0
646,448.7831460816327,450.64529814285714,446.1533444693877,0.0,0.0,0.0,0.0,1.0,0.0
647,447.7650282040816,449.7064971836735,445.9597985306122,1.0,-0.25,0.9861,0.0,0.881,0.119
648,462.8581562653061,465.2365072857143,461.0613251632653,1.0,-0.25,0.9001,0.0,0.951,0.049
649,466.6107243469388,468.5907603061224,465.13833159183673,1.0,-0.25,0.9838,0.0,0.885,0.115
650,463.8542129387756,464.9790089387755,461.5799200816327,1.0,-0.25,0.9835,0.0,0.78,0.22
651,455.39714085714286,456.4831444897959,453.45335373469385,1.0,-0.25,0.9585,0.0,0.907,0.093
652,455.4528365306122,457.2759392653061,454.19758402040816,1.0,-0.25,0.8668,0.0,0.959,0.041
653,470.2813601428572,472.4504532244898,468.6958492040816,0.0,0.0,0.5766,0.0,0.985,0.015
654,478.1329965714286,480.5465287346939,474.9767543469388,0.0,0.0,0.0,0.0,1.0,0.0
655,474.51287791836734,475.7937088775511,472.5402908979592,0.0,0.0,0.8402,0.0,0.958,0.042
656,496.9757442857143,500.3371500408163,494.9767646938776,1.0,-0.25,0.9921,0.0,0.83,0.17
657,585.9661124285715,591.321583877551,582.1629644693878,1.0,-0.25,0.9517,0.0,0.864,0.136
658,607.8606686938775,611.3859877755102,603.4033702857143,0.0,0.0,0.0,0.0,1.0,0.0
659,592.0086130408164,594.4137587142857,587.1549262653061,0.0,0.0,0.9776,0.0,0.852,0.148
660,524.5940275714286,527.6103032857143,522.4723544081633,1.0,-0.25,0.9474,0.0,0.942,0.058
661,549.2707058571428,552.6100493265305,547.1126030408163,1.0,-0.25,0.7184,0.0,0.954,0.046
662,602.8695982244898,607.6583792448979,595.681101367347,1.0,0.6875,0.989,0.0,0.768,0.232
663,592.3259509591836,595.7682134897959,589.2810413877551,1.0,-0.25,0.4588,0.0,0.966,0.034
664,605.3901883469388,608.153320367347,602.7801301020407,1.0,-0.25,0.9729,0.0,0.89,0.11
665,586.3421970612245,589.1801114081633,584.6274822040816,1.0,-0.25,0.977,0.0,0.816,0.184
666,595.7183401020408,597.869631244898,593.5051376122449,0.0,0.0,0.0,0.0,1.0,0.0
667,594.065043244898,595.4032226122449,591.8424214285715,1.0,-0.25,0.9783,0.0,0.812,0.188
668,579.4381799591837,581.156563,575.9956987346939,1.0,-0.25,0.9517,0.0,0.937,0.063
669,559.1537328163265,562.5877222653062,556.1297635306122,0.0,0.0,0.9325,0.0,0.901,0.099
670,562.5315107755102,564.743472632653,559.698654244898,1.0,-0.25,0.9819,0.0,0.874,0.126
671,546.4850856938776,548.7389124285714,543.3237070612245,1.0,-0.25,0.9897,0.0,0.853,0.147
672,558.1928275918368,560.8426411632653,556.8241960204082,1.0,-0.25,0.9435,0.0,0.866,0.134
673,580.4706094489795,583.1388010204082,578.773183244898,0.0,0.0,0.7184,0.0,0.85,0.15
674,584.9739279795918,586.4376118571429,582.8087430204082,1.0,-0.25,0.9001,0.0,0.914,0.086
675,587.1992202040816,588.8766886122448,585.5209955918367,1.0,-0.25,0.0,0.0,1.0,0.0
676,602.1924216734693,605.9110269387755,600.2456964081632,1.0,-0.25,0.968,0.0,0.918,0.082
677,650.7125341836735,655.8545761020408,645.2405997959183,1.0,-0.25,0.5766,0.0,0.966,0.034
678,655.5690654489796,658.4375426938775,653.1803308367347,0.0,0.0,0.9719,0.0,0.887,0.113
679,649.1190828367347,651.3119123673468,645.290703367347,1.0,-0.25,0.9891,0.0,0.86,0.14
680,614.0073577959183,617.8401346734694,611.0343265714286,1.0,-0.25,0.7184,0.0,0.929,0.071
681,612.798052755102,615.800465367347,606.0066175102041,0.0,0.0,0.9538,0.0,0.894,0.106
682,617.5292460638298,620.7323702340425,614.6866901702127,0.0,0.0,0.0,0.0,1.0,0.0
683,631.5458785102041,634.9834986938776,628.4688183673469,1.0,-0.25,0.9671,0.0,0.92,0.08
684,724.2995063469388,730.4913825918368,719.2611390000001,1.0,-0.25,0.5093,0.0,0.984,0.016
685,720.5411980408163,724.6192424693877,714.7359064081634,0.0,0.0,0.8402,0.0,0.962,0.038
686,735.8831191632653,739.9725147551021,732.0648753469388,1.0,-0.25,0.0,0.0,1.0,0.0
687,741.0150336326531,743.8520293469387,736.5924877959184,0.0,0.0,0.0,0.0,1.0,0.0
688,735.7658851836735,738.304119244898,732.4588211428571,1.0,-0.25,0.4588,0.0,0.959,0.041
689,748.1104622244898,754.0224175918368,743.992846877551,1.0,-0.25,0.961,0.0,0.922,0.078
690,854.3161600204082,870.5345918775511,846.339829510204,0.0,0.0,0.7184,0.0,0.912,0.088
691,1011.5952824081631,1031.6508001836737,990.1697012040815,0.0,0.0,0.9325,0.0,0.912,0.088
692,1052.6536485510203,1068.879213469388,1038.5094138571428,1.0,-0.25,0.9874,0.008,0.858,0.133
693,1132.839489897959,1147.7865018163266,1120.9586407755105,0.0,0.0,0.0,0.0,1.0,0.0
694,1217.8048646734694,1229.032440612245,1203.2437370408163,1.0,-0.25,0.9748,0.0,0.892,0.108
695,1201.0764876734695,1214.9409696938776,1179.9508478163266,1.0,-0.25,0.9729,0.0,0.822,0.178
696,1222.215315897959,1232.9675882857143,1212.067150734694,0.0,0.0,0.7184,0.0,0.968,0.032
697,1299.4649202857142,1313.2137989183673,1283.4743995102042,1.0,-0.25,0.9638,0.0,0.921,0.079
698,1079.271488265306,1097.1255698979592,1043.8100532040817,1.0,-0.25,0.9295,0.0,0.926,0.074
699,1085.5117700612243,1099.431229265306,1070.356003265306,0.0,0.0,0.0,0.0,1.0,0.0
700,1065.211652387755,1078.587112265306,1055.695491265306,1.0,-0.25,0.7184,0.0,0.934,0.066
701,1166.7473714489795,1179.8839405306123,1157.9096079795918,1.0,-0.25,0.9729,0.0,0.829,0.171
702,1198.5197387142855,1208.651548142857,1180.7953279387757,1.0,-0.25,0.9924,0.0,0.837,0.163
703,1213.7447574489795,1226.550685489796,1203.034158755102,1.0,-0.25,0.4588,0.0,0.976,0.024
704,1224.9051707959184,1234.488666387755,1213.5013989795918,0.0,0.0,0.9818,0.0,0.878,0.122
705,1225.9037394285715,1233.7279606734694,1218.2632864285715,0.0,0.0,0.9325,0.0,0.94,0.06
706,1365.174583061225,1382.1853071224489,1354.3516928367346,0.0,0.0,0.9346,0.0,0.827,0.173
707,1335.9442533265303,1347.8964110408162,1317.6442842244896,1.0,-0.25,0.9793,0.0,0.887,0.113
708,1256.0533560816327,1268.2894785306123,1233.0848203265307,0.0,0.0,0.8402,0.0,0.953,0.047
709,1191.099980367347,1207.0740331020409,1177.9115624081633,1.0,-0.25,0.7184,0.0,0.933,0.067
710,1240.9515906938775,1249.4349208775511,1231.3741492040815,1.0,-0.25,0.9944,0.007,0.823,0.17
711,1314.728583081633,1328.3830883265307,1307.7051846530612,1.0,-0.25,0.9001,0.0,0.938,0.062
712,1404.3134672040817,1416.540100244898,1387.7643673265306,1.0,-0.25,0.9671,0.0,0.904,0.096
713,1323.684932632653,1336.7613282244895,1311.1951088163266,0.0,0.0,0.0,0.0,1.0,0.0
714,1282.946395387755,1293.082940755102,1265.572271,1.0,-0.25,0.9141,0.0,0.872,0.128
715,1306.8301996938776,1319.2895652244897,1297.7102846938776,1.0,-0.25,0.9851,0.0,0.876,0.124
716,1360.6172814693878,1374.6441061428573,1346.0191859591837,0.0,0.0,0.0,0.0,1.0,0.0
717,1360.4165700816327,1368.0383628571428,1351.5581439387754,1.0,-0.25,0.9567,0.0,0.876,0.124
718,1338.7323185306122,1343.8127758367348,1329.209011979592,1.0,-0.25,0.4588,0.0,0.966,0.034
719,1322.3031678571429,1331.268282142857,1315.832607918367,0.0,0.0,0.8494,0.0,0.903,0.097
720,1436.815002591837,1452.8816523877551,1428.202678367347,1.0,-0.25,0.9538,0.0,0.896,0.104
721,1569.5832582244896,1583.160602979592,1560.5800051836734,1.0,-0.25,0.5766,0.0,0.945,0.055
722,1644.887758489796,1655.490747877551,1627.3217044081634,0.0,0.0,0.4588,0.0,0.985,0.015
723,1671.6835374489797,1687.0632854285716,1662.9004762244897,0.0,0.0,0.7184,0.0,0.945,0.055
724,1690.5964792857142,1699.3645806734694,1678.1379331836736,0.0,0.0,0.0,0.0,1.0,0.0
725,1609.1154227142856,1618.9007473673469,1593.115107020408,0.0,0.0,0.0,0.0,1.0,0.0
726,1660.7941267755102,1677.4289963265308,1650.556325632653,0.0,0.0,0.9325,0.0,0.922,0.078
727,1751.1407376938778,1762.6423188367346,1739.4618490816326,1.0,-0.25,0.7269,0.016,0.926,0.058
728,1766.5106080612245,1778.050954632653,1751.801884857143,0.0,0.0,0.0,0.0,1.0,0.0
729,1762.8617921914893,1772.7718949574466,1754.534663808511,0.0,0.0,0.0,0.0,1.0,0.0
730,1793.5401864489795,1802.8034068163267,1783.9465090816327,1.0,-0.25,0.9711,0.0,0.911,0.089
731,1822.1019758367347,1830.011296244898,1810.8812665510204,1.0,-0.25,0.4588,0.0,0.98,0.02
732,1822.304537020408,1829.2962051632653,1814.5341670408163,0.0,0.0,0.8402,0.0,0.914,0.086
733,1779.2199338367348,1790.0749095102042,1764.6342166530612,1.0,-0.25,0.9558,0.0,0.888,0.112
734,1783.2533787142856,1791.8424219795918,1772.029223836735,0.0,0.0,0.4588,0.0,0.912,0.088
735,1800.859389755102,1810.7866857755105,1792.857669612245,0.0,0.0,0.0,0.0,1.0,0.0
736,1907.321557122449,1917.770682489796,1899.659720387755,1.0,-0.25,0.9719,0.0,0.908,0.092
737,1933.8489767959184,1941.553408102041,1926.1990703673468,0.0,0.0,0.4588,0.0,0.98,0.02
738,1988.8541419183675,2001.2617652857143,1972.092479469388,1.0,-0.25,0.988,0.0,0.818,0.182
739,1941.4937366530608,1951.7083600816327,1931.4405747755104,1.0,-0.25,0.9783,0.0,0.9,0.1
740,1813.874037979592,1828.3435456122447,1784.899726265306,0.0,0.0,0.0,0.0,1.0,0.0
741,1575.8081440408164,1598.7250828163264,1537.1487947346936,1.0,-0.25,0.9721,0.0,0.917,0.083
742,1630.330539591837,1648.7302809183673,1613.8224269591835,0.0,0.0,0.7184,0.0,0.905,0.095
743,1606.9017126734695,1617.9294718571427,1590.0901828571427,1.0,-0.25,0.4588,0.0,0.976,0.024
744,1480.5663942857143,1496.610182265306,1465.1591683265306,0.0,0.0,0.8402,0.0,0.929,0.071
745,1483.8510090408165,1496.1741300612243,1473.8532038163266,1.0,-0.25,0.9001,0.0,0.949,0.051
746,1380.9769484489796,1393.2514587551022,1363.785146285714,1.0,-0.25,0.9805,0.0,0.898,0.102
747,1491.0106351632653,1505.5115220408163,1483.8876762857144,1.0,-0.25,0.9001,0.0,0.953,0.047
748,1540.1853770816324,1549.6651042244898,1527.0586824285713,1.0,-0.25,0.9406,0.0,0.929,0.071
749,1576.8294116734694,1590.3375631836736,1567.3707298367349,1.0,-0.25,0.9435,0.0,0.922,0.078
750,1560.380689367347,1571.328650142857,1548.0574162040816,1.0,-0.25,0.9618,0.0,0.925,0.075
751,1492.1577907755104,1501.2556770204085,1481.2181909591836,1.0,-0.25,0.7184,0.0,0.967,0.033
752,1576.027887021739,1589.5810123260871,1568.721111152174,1.0,-0.25,0.9217,0.0,0.946,0.054
753,1663.9990297142856,1675.042942734694,1655.7894786326528,1.0,-0.25,0.9325,0.0,0.933,0.067
754,1733.7773315918369,1746.086778346939,1723.4984085102042,1.0,-0.25,0.8402,0.0,0.922,0.078
755,1830.0530218571428,1839.5354862857143,1821.618293,0.0,0.0,0.0,0.0,1.0,0.0
756,1824.9103880408163,1833.0082290408163,1810.897968959184,1.0,-0.25,0.9932,0.0,0.803,0.197
757,1792.0366109387755,1801.9020173061224,1780.491572755102,1.0,-0.25,0.9738,0.0,0.86,0.14
758,1837.2684975918369,1851.3435817959185,1829.042854959184,1.0,-0.25,0.9638,0.0,0.927,0.073
759,1885.743954489796,1892.2332609183677,1873.8944896938776,1.0,-0.25,0.9638,0.0,0.918,0.082
760,1809.5499320408164,1818.7413603061225,1795.9042106734694,1.0,-0.25,0.9867,0.0,0.884,0.116
761,1780.580282,1789.3436771632655,1770.2229229183674,0.0,0.0,0.4588,0.0,0.963,0.037
762,1786.065227591837,1793.731611632653,1777.7279577959184,1.0,-0.25,0.9538,0.0,0.933,0.067
763,1809.360172387755,1816.550124857143,1799.8774706938775,0.0,0.0,0.8402,0.0,0.887,0.113
764,1803.3873209387757,1811.4146131632651,1796.628436510204,1.0,-0.25,0.9671,0.0,0.862,0.138
765,1833.5349531632653,1839.491816,1828.4065028163263,1.0,-0.25,0.9538,0.0,0.91,0.09
766,1786.258909530612,1791.0523066734693,1778.6014139183674,1.0,-0.25,0.9719,0.0,0.883,0.117
767,1766.8292282244895,1773.2932298367348,1755.9565266326529,1.0,-0.25,0.9832,0.016,0.871,0.113
768,1691.2545270612245,1699.2224237755104,1682.9936717755102,0.0,0.0,0.9818,0.0,0.878,0.122
769,1679.7404604693877,1688.560575979592,1667.89689722449,1.0,-0.25,0.9474,0.0,0.924,0.076
770,1591.920883489796,1601.283295897959,1582.6067445510205,0.0,0.0,0.5574,0.021,0.927,0.052
771,1636.982654755102,1646.592303102041,1632.497687632653,1.0,-0.25,0.9325,0.0,0.867,0.133
772,1697.5540027142858,1703.5427416530613,1691.8242721632655,0.0,0.0,0.9932,0.0,0.817,0.183
773,1701.438278367347,1706.261512367347,1695.2967428571428,1.0,-0.25,0.7424,0.0,0.943,0.057
774,1754.116391510204,1765.2617956734696,1749.0464602653062,1.0,-0.25,0.9671,0.0,0.92,0.08
775,1826.1558430408163,1832.200300632653,1820.2798441428567,1.0,-0.25,0.9716,0.0,0.916,0.084
776,1849.1303727959184,1859.6473014081632,1839.746983612245,0.0,0.0,0.0,0.0,1.0,0.0
777,1937.9274944285717,1948.0992868163264,1929.4520095306125,1.0,-0.25,0.9001,0.0,0.943,0.057
778,2023.7076069183677,2037.0437123265308,2015.73936144898,0.0,0.0,0.0,0.0,1.0,0.0
779,2091.326448897959,2100.077395959184,2074.660662959184,0.0,0.0,0.0,0.0,1.0,0.0
780,2047.310433979592,2056.610684,2039.3139146122448,1.0,-0.25,0.4588,0.0,0.966,0.034
781,2068.831851877551,2078.295619428572,2059.1136264285715,1.0,-0.25,0.9406,0.0,0.944,0.056
782,2113.1788400816326,2122.7645589591834,2101.5710026734696,1.0,-0.25,0.9141,0.0,0.918,0.082
783,2033.9413982857145,2043.5652551020407,2016.2610640612245,0.0,0.0,0.0,0.0,1.0,0.0
784,2025.900677122449,2036.881966469388,2019.6748871020409,1.0,-0.25,0.9001,0.0,0.923,0.077
785,2075.887188102041,2081.0964036530613,2069.3082312244896,1.0,-0.25,0.7739,0.0,0.956,0.044
786,2138.8112565714287,2150.199108938776,2129.565665265306,0.0,0.0,0.8402,0.0,0.958,0.042
787,2140.1770812653062,2147.188600122449,2133.674810673469,0.0,0.0,0.0,0.0,1.0,0.0
788,2147.502281959184,2155.267525510204,2139.0107937959183,1.0,-0.25,0.9852,0.0,0.811,0.189
789,2221.890086897959,2236.6870069387755,2214.164072857143,0.0,0.0,0.4588,0.0,0.944,0.056
790,2354.232406122449,2371.4077040816323,2339.6006881836734,0.0,0.0,0.4588,0.0,0.976,0.024
791,2457.247850367347,2471.515455795918,2447.488654530612,0.0,0.0,0.9325,0.0,0.932,0.068
792,2434.1639144285714,2447.66807477551,2411.603572428572,0.0,0.0,0.0,0.0,1.0,0.0
793,2419.50063177551,2431.2603113061227,2403.4618951224493,1.0,-0.25,0.9953,0.0,0.794,0.206
794,2182.190252918367,2201.102049979592,2148.3609560408163,0.0,0.0,0.0,0.0,1.0,0.0
795,2210.866994183674,2227.430139897959,2191.7507902244897,0.0,0.0,0.0,0.0,1.0,0.0
796,2197.2845330227274,2219.778521840909,2178.6653136136365,0.0,0.0,0.8625,0.018,0.89,0.091
797,2348.546941959184,2367.8204221224487,2329.699937612245,1.0,-0.25,0.9882,0.0,0.87,0.13
798,2483.171654979592,2510.749081040816,2456.150208265306,1.0,-0.25,0.7424,0.0,0.971,0.029
799,2282.4272724081634,2307.8403491632653,2243.75427655102,0.0,0.0,0.9719,0.0,0.902,0.098
800,2264.2405963061224,2278.7912442244897,2239.656390102041,1.0,-0.25,0.9638,0.0,0.928,0.072
801,2270.455702878049,2290.4177236585365,2252.5984179756097,0.0,0.0,0.4588,0.0,0.973,0.027
802,2466.462612795918,2489.7103551428568,2452.249289510204,1.0,-0.25,0.9783,0.0,0.815,0.185
803,2573.253494897959,2589.293526979592,2560.639489795918,1.0,0.5,0.9488,0.01,0.902,0.088
804,2675.424807081633,2693.551781530612,2657.3626845510203,1.0,-0.25,0.9905,0.016,0.83,0.154
805,2738.113870571429,2750.5335186122447,2722.1191161020406,1.0,-0.25,0.9406,0.0,0.937,0.063
806,2758.107227163265,2768.320100653061,2746.759182081633,0.0,0.0,0.0,0.0,1.0,0.0
807,2864.9369056938776,2879.513896285714,2854.3922132040816,1.0,-0.25,0.8877,0.0,0.923,0.077
808,2928.780817530612,2938.701466244898,2916.099308632653,1.0,-0.25,0.9799,0.0,0.908,0.092
809,3161.0125669591835,3193.0479151428567,3145.75154655102,1.0,-0.25,0.9671,0.0,0.92,0.08
810,3349.513093714286,3381.3309375102044,3303.143728081633,1.0,-0.25,0.4588,0.0,0.961,0.039
811,3359.3596875102044,3392.0880131836734,3337.9616645510205,1.0,-0.25,0.9517,0.0,0.89,0.11
812,3486.811243020408,3506.477061142857,3460.142856938776,1.0,-0.25,0.7184,0.0,0.967,0.033
813,3472.9845964285714,3491.8402048775506,3452.062284959184,0.0,0.0,0.7184,0.0,0.971,0.029
814,3640.017715040816,3673.906837530613,3623.578950102041,1.0,-0.25,0.9797,0.0,0.872,0.128
815,3887.1937374489794,3912.9726333265303,3859.957734979592,1.0,-0.28125,0.9697,0.009,0.903,0.088
816,4053.3147618367343,4089.559451938776,4013.412482857143,1.0,-0.25,0.9541,0.0,0.937,0.063
817,3983.096979040816,4019.679367020408,3950.047742938776,0.0,0.0,0.9952,0.0,0.802,0.198
818,4215.840321265306,4248.6369507346935,4156.540992510204,0.0,0.0,0.9742,0.0,0.889,0.111
819,3816.3777236122446,3865.691499530612,3757.845453612245,1.0,-0.25,0.9729,0.0,0.827,0.173
820,3951.856373755102,3993.814226326531,3928.995100040816,0.0,0.0,0.0,0.0,1.0,0.0
821,3900.609421632653,3927.24684789796,3854.831266734694,1.0,-0.25,0.9899,0.0,0.839,0.161
822,3693.375322673469,3732.340734612245,3654.974115510204,0.0,0.0,-0.2023,0.037,0.94,0.023
823,3388.250877918367,3426.2499107142858,3335.190791612245,0.0,0.0,0.9517,0.0,0.886,0.114
824,3420.591271714286,3452.797654857143,3387.023143938776,0.0,0.0,0.0,0.0,1.0,0.0
825,2842.961371979592,2899.2497100204087,2715.966942959184,0.0,0.0,0.9325,0.0,0.87,0.13
826,2685.310585142857,2744.591331918368,2626.28467355102,0.0,0.0,0.0,0.0,1.0,0.0
827,2624.5165573265303,2661.026226081633,2562.6795340408166,0.0,0.0,0.0,0.0,1.0,0.0
828,2348.805400979592,2380.5586357959182,2307.547842204081,1.0,-0.25,0.9808,0.0,0.889,0.111
829,2107.3005548571427,2141.765135122449,2054.5320153061225,1.0,-0.25,0.6369,0.027,0.921,0.051
830,2346.044204795918,2395.123381693877,2317.640809142857,1.0,-0.25,0.9776,0.0,0.89,0.11
831,2584.915371489796,2618.914181877551,2544.9799075306123,1.0,-0.25,0.9729,0.0,0.835,0.165
832,2787.6906680408165,2818.318889714286,2760.1490710612247,1.0,-0.25,0.9538,0.0,0.839,0.161
833,2767.983927367347,2788.624743693877,2737.841998163265,0.0,0.0,0.9818,0.0,0.88,0.12
834,2557.1561019183678,2579.168842469388,2520.598190367347,0.0,0.0,0.0,0.0,1.0,0.0
835,2399.9823905918365,2424.481397489796,2370.6089993265305,1.0,-0.25,0.4588,0.0,0.966,0.034
836,2376.133037102041,2400.0668927346937,2355.9041729183677,0.0,0.0,0.0,0.0,1.0,0.0
837,2495.7048670612244,2525.2668363265307,2476.947655653061,1.0,-0.25,0.977,0.0,0.912,0.088
838,2613.8034805510206,2632.945052020408,2588.625115204082,0.0,0.0,0.9652,0.0,0.908,0.092
839,2690.4582868367343,2710.8122925306125,2674.204109530612,1.0,-0.25,0.9671,0.0,0.913,0.087
840,2793.6560453265306,2815.3417323061226,2778.219680122449,0.0,0.0,0.0,0.0,1.0,0.0
841,2688.5243985102043,2703.443174020408,2659.4258663469386,1.0,-0.25,0.8668,0.0,0.938,0.062
842,2688.8424364285715,2707.0339767959185,2665.7143600612244,0.0,0.0,0.0,0.0,1.0,0.0
843,2688.872628142857,2704.2471665714284,2676.8778031428574,1.0,-0.3125,0.9571,0.01,0.901,0.088
844,2750.647905367347,2766.4323481428573,2728.0872472857145,0.0,0.0,0.9001,0.0,0.901,0.099
845,2495.32351622449,2516.477065122449,2466.082992469388,1.0,-0.25,0.9115,0.0,0.923,0.077
846,2520.278555489796,2543.718990959184,2502.299546,1.0,-0.25,0.9742,0.0,0.915,0.085
847,2529.1096444489795,2541.324648244898,2509.830849204082,1.0,-0.25,0.9558,0.0,0.89,0.11
848,2431.521405857143,2444.022955,2414.853869979592,1.0,-0.25,0.97,0.0,0.866,0.134
849,2360.8337183061226,2376.2938323061226,2346.552613408164,1.0,0.375,0.9829,0.0,0.886,0.114
850,2388.5159221632653,2406.147304489796,2376.279186469388,1.0,-0.25,0.9789,0.0,0.883,0.117
851,2520.018989959184,2533.7753645102043,2508.886085387755,1.0,0.5,0.0,0.0,1.0,0.0
852,2579.344748877551,2590.853658122449,2565.3604709387755,1.0,-0.25,0.964,0.0,0.879,0.121
853,2471.265198897959,2480.1752837959184,2455.109195632653,1.0,-0.25,0.8516,0.0,0.962,0.038
854,2394.8089060408165,2407.086031367347,2382.99472477551,0.0,0.0,0.0,0.0,1.0,0.0
855,2283.3268757959186,2294.3007156734693,2264.3083336734694,1.0,-0.25,0.7184,0.0,0.956,0.044
856,2226.0728404081638,2236.883368142857,2212.67949,0.0,0.0,0.9001,0.0,0.941,0.059
857,2166.317303897959,2181.696179857143,2152.8204621632653,1.0,-0.25,0.8402,0.0,0.956,0.044
858,2024.0411810408164,2042.2504920612248,1990.311131122449,1.0,-0.25,0.7184,0.0,0.979,0.021
859,1894.974440877551,1917.6861181632653,1871.7449099183675,1.0,-0.25,0.9325,0.0,0.944,0.056
860,1976.713775510204,1995.743885632653,1962.7459496530612,1.0,-0.25,0.9946,0.0,0.807,0.193
861,1960.810559122449,1972.547946020408,1949.1835103469384,1.0,-0.25,0.988,0.0,0.87,0.13
862,1900.482567755102,1912.7995820612248,1880.7632732857144,1.0,-0.25,0.9638,0.0,0.924,0.076
863,1786.6027403469388,1800.4924451020408,1772.65121322449,0.0,0.0,0.0,0.0,1.0,0.0
864,1851.328100979592,1865.8113904081636,1841.430119387755,1.0,-0.25,0.9486,0.0,0.935,0.065
865,2036.783193367347,2054.112763673469,2024.762968959184,0.0,0.0,0.0,0.0,1.0,0.0
866,2166.954463877551,2183.051811632653,2155.384086408163,1.0,-0.25,0.7184,0.0,0.952,0.048
867,2160.5721695714287,2177.6499798775512,2147.234300857143,1.0,-0.25,0.9719,0.0,0.854,0.146
868,2150.789744102041,2162.3670910408164,2132.5796133673466,0.0,0.0,0.9783,0.0,0.889,0.111
869,2081.150868938776,2093.072784408163,2067.869690387755,0.0,0.0,0.0,0.0,1.0,0.0
870,2190.3315298163266,2201.3695334489794,2181.4338793469387,1.0,-0.25,0.9115,0.0,0.925,0.075
871,2303.348781489796,2316.8944258163265,2293.8966866530614,1.0,-0.25,0.9475,0.012,0.89,0.097
872,2291.413457836735,2307.7313249387757,2279.32080477551,0.0,0.0,0.9638,0.0,0.917,0.083
873,2358.4434386938774,2368.788437510204,2346.803201122449,1.0,-0.25,0.9813,0.0,0.882,0.118
874,2189.7387595714285,2198.928098693877,2171.483557285714,0.0,0.0,0.0,0.0,1.0,0.0
875,2125.345999489796,2137.6819636938776,2113.133196938776,1.0,-0.25,0.9118,0.012,0.915,0.073
876,2119.245913387755,2129.0472249591835,2108.4888486530613,1.0,-0.25,0.9517,0.0,0.909,0.091
877,2122.778484326531,2131.439047346939,2115.823341040816,1.0,-0.25,0.9781,0.0,0.9,0.1
878,2101.2070782857145,2107.5265347959185,2089.797529,1.0,-0.25,0.9001,0.0,0.947,0.053
879,1994.987109979592,2003.1259919183672,1983.0946506326527,0.0,0.0,0.0,0.0,1.0,0.0
880,1947.6177111632653,1959.851784122449,1936.8412886734693,1.0,-0.25,0.9823,0.0,0.796,0.204
881,1943.3551435918368,1953.1761745714284,1929.8526983061224,0.0,0.0,0.9719,0.0,0.907,0.093
882,1907.8764977346937,1917.368495693877,1897.85919044898,1.0,-0.25,0.9517,0.0,0.86,0.14
883,1884.3528846530608,1893.734651020408,1876.597567755102,1.0,-0.25,0.4588,0.0,0.968,0.032
884,1938.661312979592,1948.664620938776,1930.001277,0.0,0.0,0.7184,0.0,0.941,0.059
885,1855.3992569183672,1862.790776367347,1846.3542839183676,1.0,-0.25,0.9799,0.0,0.805,0.195
886,1770.028612877551,1779.806898918367,1758.9249138979592,0.0,0.0,0.0,0.0,1.0,0.0
887,1891.8601274489797,1910.2202126530613,1883.7449656122449,1.0,-0.25,0.9891,0.0,0.845,0.155
888,1999.2053648163264,2010.9160501020408,1987.9299561632652,1.0,-0.25,0.8668,0.0,0.93,0.07
889,2050.9307288367345,2062.747166571429,2043.385842428572,0.0,0.0,0.9793,0.0,0.893,0.107
890,2146.06165677551,2156.4628451836734,2137.9472140000003,1.0,-0.25,0.9849,0.0,0.889,0.111
891,2156.418275673469,2165.287719020408,2147.059384367347,1.0,-0.25,0.9872,0.0,0.878,0.122
892,2318.6387717142857,2339.1454518163264,2301.826522244898,1.0,-0.25,0.9864,0.0,0.86,0.14
893,2233.2458575714286,2248.229187653061,2218.823085734694,0.0,0.0,0.9875,0.0,0.862,0.138
894,2296.501863244898,2308.6548537142858,2282.3611033265306,1.0,-0.25,0.9567,0.0,0.921,0.079
895,2306.9106523061223,2317.6137123265307,2298.6568323469387,0.0,0.0,0.0,0.0,1.0,0.0
896,2381.5286768571427,2394.994384367347,2370.3776971020407,1.0,-0.25,0.9638,0.0,0.919,0.081
897,2462.8892996734694,2473.912268020408,2453.094819632653,1.0,-0.25,0.9461,0.0,0.901,0.099
898,2593.381691653061,2610.235702918367,2579.155140510204,0.0,0.0,0.8668,0.0,0.904,0.096
899,2595.3900950612247,2611.1820603469387,2581.076841714286,1.0,-0.25,0.9435,0.0,0.943,0.057
900,2511.108226244898,2522.916412428571,2491.206194204082,1.0,-0.25,0.8402,0.0,0.968,0.032
901,2581.004590244898,2602.3045633469387,2569.1536628979597,0.0,0.0,0.4588,0.0,0.972,0.028
902,2719.964687306123,2741.081850285714,2699.2551853469386,1.0,-0.25,0.9509,0.0,0.912,0.088
903,2816.121906489796,2832.898435102041,2800.877606632653,1.0,-0.25,0.9517,0.0,0.919,0.081
904,3020.449337142857,3047.356321142857,3002.5866458163264,1.0,-0.25,0.9799,0.0,0.908,0.092
905,3086.307401346939,3102.641306204081,3061.439945183673,0.0,0.0,0.9935,0.0,0.827,0.173
906,3049.2701171836734,3074.3304320816324,3031.0617556122447,0.0,0.0,0.7184,0.0,0.778,0.222
907,3133.6455112040817,3151.2726668163264,3114.7377347755105,1.0,-0.25,0.9359,0.0,0.928,0.072
908,3207.5563331020408,3223.272030061224,3193.282581714286,1.0,-0.25,0.9759,0.0,0.89,0.11
909,3108.5211383877554,3123.3882591224487,3087.1740202448977,1.0,-0.25,0.9476,0.0,0.899,0.101
910,3211.800280525,3235.954540775,3201.268900625,0.0,0.0,0.0,0.0,1.0,0.0
911,3271.8676060204084,3282.748591959184,3255.8369341836737,0.0,0.0,0.9776,0.0,0.896,0.104
912,3210.2129821020408,3223.9098822244896,3193.701872408163,1.0,-0.25,0.9808,0.0,0.826,0.174
913,3251.44249222449,3264.078058632653,3234.03017477551,1.0,-0.25,0.7424,0.0,0.937,0.063
914,3166.3277626734694,3183.9471988571427,3144.562209428572,1.0,-0.25,0.9556,0.0,0.909,0.091
915,3044.946196387755,3062.89828722449,3028.24180244898,1.0,-0.25,0.9923,0.0,0.792,0.208
916,3042.144223530612,3061.045623408163,3030.7679621632656,0.0,0.0,0.7184,0.0,0.971,0.029
917,3237.969236693878,3251.1409506530613,3226.776811428572,1.0,-0.25,0.8757,0.0,0.896,0.104
918,3266.9461559387755,3277.0292155714283,3253.3217594081634,0.0,0.0,0.0,0.0,1.0,0.0
919,3217.9846386734694,3229.385778653061,3205.4054506122447,1.0,-0.25,0.9349,0.0,0.914,0.086
920,3320.6889269795915,3334.761515857143,3309.855537102041,0.0,0.0,0.0,0.0,1.0,0.0
921,3274.917662632653,3284.16710677551,3256.772476285714,0.0,0.0,0.0,0.0,1.0,0.0
922,3183.867546428572,3199.5674958163268,3170.1643875510204,1.0,-0.25,0.8402,0.0,0.968,0.032
923,3133.514026816327,3145.654597408163,3114.50324,1.0,-0.25,0.8668,0.0,0.938,0.062
924,3166.79563277551,3184.0532770612244,3157.5790838163266,0.0,0.0,0.8402,0.0,0.942,0.058
925,3243.518867183673,3250.4880805510206,3234.344562530612,1.0,-0.25,0.9955,0.0,0.784,0.216
926,3212.277979510204,3221.6601142040818,3200.023272081633,1.0,-0.25,0.8838,0.0,0.941,0.059
927,3219.055971979592,3233.3241031632656,3204.8131546938776,0.0,0.0,0.0,0.0,1.0,0.0
928,3333.9322052448983,3357.229024244898,3318.55135822449,0.0,0.0,0.9325,0.0,0.922,0.078
929,3567.4024990000003,3596.3670904489795,3553.6948662653062,0.0,0.0,0.9702,0.0,0.849,0.151
930,3773.940363918368,3786.425947469388,3757.295316081632,0.0,0.0,0.0,0.0,1.0,0.0
931,3882.716664734694,3904.989168122449,3866.0962902653055,1.0,-0.25,0.8668,0.0,0.947,0.053
932,3908.358574612245,3919.977933265306,3893.336350040816,1.0,-0.25,0.9799,0.0,0.805,0.195
933,3909.411450102041,3923.1693167959183,3897.688924591837,0.0,0.0,0.0,0.0,1.0,0.0
934,3932.628994938776,3942.346459469388,3920.579885408164,0.0,0.0,0.9567,0.0,0.918,0.082
935,3692.3340324081632,3716.061922632653,3630.134743102041,0.0,0.0,0.0,0.0,1.0,0.0
936,3435.1044525306124,3464.4320681224485,3403.229283530612,1.0,-0.25,0.9601,0.0,0.848,0.152
937,3489.6032314285712,3509.0953607346937,3468.267083469388,1.0,-0.25,0.9793,0.0,0.89,0.11
938,3365.8519375714286,3381.619618142857,3336.424266979592,0.0,0.0,0.9818,0.0,0.84,0.16
939,3280.0636840408165,3297.807068714286,3265.577794163265,1.0,-0.25,0.7739,0.0,0.952,0.048
940,3366.4928928163267,3387.231597183674,3353.371823979592,0.0,0.0,0.9325,0.0,0.864,0.136
941,3260.1186106938776,3279.4698407551023,3232.124370612245,1.0,-0.25,0.4588,0.0,0.96,0.04
942,3333.6315593061227,3354.536932204081,3322.288384877551,1.0,-0.25,0.9391,0.0,0.905,0.095
943,3454.396883367347,3473.1004635714285,3442.760062979592,1.0,-0.25,0.9849,0.0,0.834,0.166
944,3594.561300612245,3613.019812061225,3574.848891102041,0.0,0.0,0.0,0.0,1.0,0.0
945,3484.8764921428574,3498.258472979592,3460.977345938775,1.0,-0.25,0.0,0.0,1.0,0.0
946,3459.9063847346943,3475.5062778979595,3447.1073945714284,1.0,-0.28125,0.9806,0.009,0.883,0.108
947,3382.961588612245,3394.830653489796,3366.274946183674,1.0,-0.25,0.984,0.009,0.872,0.12
948,3127.0114419183674,3145.70623344898,3088.657941040816,0.0,0.0,0.8402,0.0,0.961,0.039
949,2966.104296877551,2990.906887959183,2931.151989204081,1.0,-0.25,0.8877,0.0,0.888,0.112
950,2936.306514877551,2965.670673632653,2920.7126668163264,1.0,-0.25,0.9042,0.0,0.955,0.045
951,3109.1894768367347,3126.7635648571427,3095.4044469387754,0.0,0.0,0.9763,0.0,0.863,0.137
952,2974.653306367347,2992.616000877551,2939.8330131836738,1.0,-0.25,0.8402,0.0,0.967,0.033
953,2913.3676482857145,2931.049278142857,2893.75021344898,1.0,-0.25,0.99,0.0,0.83,0.17
954,2953.9594493469385,2978.208926979592,2933.378836897959,0.0,0.0,0.9074,0.0,0.903,0.097
955,3068.33893655102,3084.635000795918,3047.1755687959185,0.0,0.0,0.0,0.0,1.0,0.0
956,2897.023946510204,2911.559194040816,2876.470624408163,0.0,0.0,0.0,0.0,1.0,0.0
957,2870.473280155556,2886.7446966222224,2857.1339618,1.0,-0.25,0.9638,0.0,0.919,0.081
958,2983.8538538367347,3004.7669292040814,2970.8706030816325,1.0,-0.25,0.9638,0.0,0.867,0.133
959,3158.170803979592,3183.577214612245,3145.9153938163267,1.0,-0.25,0.8402,0.0,0.906,0.094
960,3338.823272673469,3357.6642326938777,3326.2262773061225,1.0,-0.25,0.9945,0.0,0.815,0.185
961,3412.547297510204,3427.588483938776,3399.086941163265,0.0,0.0,0.9814,0.029,0.804,0.167
962,3367.4625789183674,3382.2770487959183,3347.4373210204085,0.0,0.0,0.0,0.0,1.0,0.0
963,3431.786620897959,3448.3820746938777,3421.0336250408163,0.0,0.0,0.0,0.0,1.0,0.0
964,3511.038169653061,3530.1541075510204,3490.3706066734694,0.0,0.0,0.0,0.0,1.0,0.0
965,3573.158254142857,3590.32067722449,3553.693860816327,1.0,-0.25,0.9759,0.01,0.874,0.116
966,3602.504342122449,3616.831173877551,3587.0973086734693,0.0,0.0,0.0,0.0,1.0,0.0
967,3589.268526591837,3599.5128021428573,3578.9102118571427,1.0,-0.25,0.7739,0.0,0.943,0.057
968,3542.562663428572,3553.85091577551,3521.457774428571,1.0,-0.25,0.984,0.009,0.872,0.12
969,3533.7342205510204,3552.699582673469,3519.379218755102,1.0,-0.25,0.9638,0.0,0.901,0.099
970,3486.2834241428573,3500.6344445510204,3465.880574183673,1.0,-0.25,0.9607,0.018,0.898,0.085
971,3496.5761971836737,3513.529014265306,3484.230450020408,1.0,-0.25,0.7184,0.0,0.959,0.041
972,3704.231611918368,3724.126092755102,3692.28561522449,1.0,-0.25,0.9915,0.0,0.849,0.151
973,3814.286210142857,3830.967271612245,3798.745582142857,0.0,0.0,0.9406,0.0,0.828,0.172
974,3873.246051102041,3886.680880102041,3858.527877265306,1.0,-0.25,0.8816,0.017,0.898,0.085
975,3837.366507897959,3854.064652020408,3819.7529263061215,1.0,-0.25,0.9756,0.0,0.907,0.093
976,3798.301224081633,3812.6365148775512,3775.7349079183673,0.0,0.0,0.8402,0.0,0.94,0.06
977,3802.893731469388,3821.668749204082,3790.0924545510206,0.0,0.0,0.0,0.0,1.0,0.0
978,3955.2802236122448,3978.686983020408,3943.896695632653,1.0,-0.25,0.9671,0.0,0.915,0.085
979,4158.88129344898,4186.685885285715,4126.402936469388,1.0,-0.25,0.7184,0.0,0.978,0.022
980,4062.128908632653,4078.686440530612,4041.657965959184,0.0,0.0,0.8402,0.0,0.915,0.085
981,4043.977886632653,4063.231705591837,4030.3022823673473,1.0,-0.25,0.9763,0.0,0.895,0.105
982,4076.98093789796,4091.3850916734696,4056.897354306123,0.0,0.0,0.0,0.0,1.0,0.0
983,4153.488281244898,4170.511571265306,4142.079278938776,1.0,-0.6103515625,0.9313,0.0,0.93,0.07
984,4206.041385530612,4219.787782612245,4186.669463877551,0.0,0.0,0.0,0.0,1.0,0.0
985,4070.118435510205,4092.4663843265303,4041.886271918367,1.0,-0.25,0.9805,0.0,0.904,0.096
986,4115.270518979592,4145.321854673469,4098.416246020408,0.0,0.0,0.9626,0.0,0.903,0.097
987,4362.423398428572,4383.758068408163,4343.887500408163,1.0,-0.25,0.9889,0.0,0.788,0.212
988,4328.08293167347,4340.66140067347,4309.4080436938775,1.0,-0.48828125,0.9368,0.019,0.904,0.077
989,4284.573349816326,4298.944687897959,4263.475226795918,1.0,-0.25,0.9621,0.0,0.903,0.097
990,4299.713618061224,4319.609842163265,4279.857485653061,1.0,-0.25,0.9805,0.0,0.852,0.148
991,4423.735938306122,4446.526086571429,4410.556051489796,0.0,0.0,0.0,0.0,1.0,0.0
992,4575.437848367347,4593.686533795919,4554.9835933469385,1.0,-0.25,0.9694,0.009,0.898,0.094
993,4528.532422673469,4542.064206387755,4507.686991,1.0,-0.25,0.9349,0.0,0.91,0.09
994,4503.298027346938,4516.512775428571,4487.116067448979,0.0,0.0,0.0,0.0,1.0,0.0
995,4455.216284673469,4469.0762667346935,4440.585380265306,1.0,-0.25,0.9567,0.0,0.929,0.071
996,4576.504121102041,4591.764732142857,4567.594579081632,1.0,0.125,0.9721,0.0,0.918,0.082
997,4732.476314571429,4751.559250632653,4723.684886,1.0,-0.25,0.9325,0.0,0.944,0.056
998,4788.189005897959,4799.349374591837,4770.656307408163,1.0,-0.25,-0.4199,0.064,0.936,0.0
999,4731.627403938775,4753.470263877551,4703.060474734694,1.0,-0.25,0.9768,0.0,0.901,0.099
1000,4694.726196183673,4712.571001673469,4678.704086408164,1.0,-0.25,0.9776,0.0,0.874,0.126
1001,4671.1142171632655,4690.178138163265,4646.665110408163,1.0,-0.25,0.9683,0.0,0.902,0.098
1002,4643.623657918367,4656.466433346939,4630.416544163265,1.0,-0.25,0.7739,0.0,0.948,0.052
1003,4603.458016591837,4615.567199448979,4586.574807081633,0.0,0.0,0.9001,0.0,0.953,0.047
1004,4662.745526938776,4679.5729842857145,4647.18120655102,1.0,-0.25,0.983,0.0,0.873,0.127
