,volume,timestamp,price,high,low,open,change,coin
0,19.70M,2022-09-07,0.03718,0.0385,0.03516,0.03684,0.92%,
1,19.70M,2022-09-07,0.03718,0.0385,0.03516,0.03684,0.92%,
2,18.96M,2022-09-06,0.03684,0.04087,0.0367,0.03915,-5.90%,
3,18.96M,2022-09-06,0.03684,0.04087,0.0367,0.03915,-5.90%,
4,21.20M,2022-09-05,0.03915,0.04102,0.03544,0.03742,4.62%,
5,21.20M,2022-09-05,0.03915,0.04102,0.03544,0.03742,4.62%,
6,19.12M,2022-09-04,0.03742,0.03865,0.0366,0.0372,0.48%,
7,23.08M,2022-09-03,0.03724,0.04059,0.0367,0.03847,-3.52%,
8,35.00M,2022-09-02,0.0386,0.0585,0.03535,0.03674,4.89%,
9,35.00M,2022-09-02,0.0386,0.0585,0.03535,0.03674,4.89%,
10,19.27M,2022-09-01,0.0368,0.04022,0.03542,0.0367,0.27%,
11,19.27M,2022-09-01,0.0368,0.04022,0.03542,0.0367,0.27%,
12,5.35M,2022-08-31,0.0367,0.03766,0.03501,0.03743,-1.95%,
13,5.35M,2022-08-31,0.0367,0.03766,0.03501,0.03743,-1.95%,
14,6.55M,2022-08-30,0.03743,0.0406,0.0356,0.03995,-6.31%,
15,13.17M,2022-08-29,0.03995,0.04033,0.03801,0.0386,3.50%,
16,12.30M,2022-08-28,0.0386,0.045,0.03563,0.03642,5.99%,
17,573.24K,2022-08-27,0.03642,0.03931,0.03456,0.03668,-1.06%,
18,627.31K,2022-08-26,0.03681,0.03914,0.03674,0.03891,-5.40%,
19,11.58M,2022-08-25,0.03891,0.04215,0.0389,0.03968,-1.94%,
20,18.95M,2022-08-24,0.03968,0.04303,0.03948,0.04196,-5.43%,
21,20.29M,2022-08-23,0.04196,0.04668,0.0398,0.0401,4.64%,
22,19.74M,2022-08-22,0.0401,0.04336,0.04008,0.04262,-5.91%,
23,21.23M,2022-08-21,0.04262,0.052,0.04095,0.04306,-1.02%,
24,21.23M,2022-08-21,0.04262,0.052,0.04095,0.04306,-1.02%,
25,12.23M,2022-08-20,0.04306,0.04648,0.03942,0.04499,-4.29%,
26,12.23M,2022-08-20,0.04306,0.04648,0.03942,0.04499,-4.29%,
27,26.97M,2022-08-19,0.04499,0.05683,0.0449,0.05461,-17.31%,
28,26.97M,2022-08-19,0.04499,0.05683,0.0449,0.05461,-17.31%,
29,41.20M,2022-08-18,0.05441,0.0715,0.03683,0.03683,47.73%,
30,8.82M,2022-08-17,0.03683,0.03793,0.03573,0.0358,2.82%,
31,7.96M,2022-08-16,0.03582,0.03793,0.03519,0.03754,-4.66%,
32,7.96M,2022-08-16,0.03582,0.03793,0.03519,0.03754,-4.66%,
33,8.60M,2022-08-15,0.03757,0.03904,0.03706,0.03732,0.67%,
34,8.60M,2022-08-15,0.03757,0.03904,0.03706,0.03732,0.67%,
35,7.86M,2022-08-14,0.03732,0.0401,0.03714,0.0394,-5.28%,
36,7.86M,2022-08-14,0.03732,0.0401,0.03714,0.0394,-5.28%,
37,7.16M,2022-08-13,0.0394,0.03958,0.03934,0.0394,0.00%,
38,7.16M,2022-08-13,0.0394,0.03958,0.03934,0.0394,0.00%,
39,4.08M,2022-08-12,0.0394,0.0396,0.03936,0.03942,-0.05%,
40,4.08M,2022-08-12,0.0394,0.0396,0.03936,0.03942,-0.05%,
41,6.69M,2022-08-11,0.03942,0.03969,0.03938,0.03948,-0.15%,
42,6.69M,2022-08-11,0.03942,0.03969,0.03938,0.03948,-0.15%,
43,6.67M,2022-08-10,0.03948,0.04004,0.03922,0.03939,0.23%,
44,6.67M,2022-08-10,0.03948,0.04004,0.03922,0.03939,0.23%,
45,7.34M,2022-08-09,0.03939,0.04157,0.03911,0.04096,-3.83%,
46,7.34M,2022-08-09,0.03939,0.04157,0.03911,0.04096,-3.83%,
47,6.71M,2022-08-08,0.04096,0.04232,0.04056,0.04189,-2.22%,
48,7.01M,2022-08-07,0.04189,0.04264,0.03989,0.04084,2.57%,
49,5.70M,2022-08-06,0.04084,0.04197,0.03908,0.04048,0.89%,
50,5.05M,2022-08-05,0.04048,0.04152,0.0393,0.04033,0.35%,
51,6.49M,2022-08-04,0.04034,0.04493,0.03884,0.0422,-4.38%,
52,5.77M,2022-08-03,0.04219,0.04506,0.03883,0.04064,3.81%,
53,4.81M,2022-08-02,0.04064,0.0418,0.0383,0.03959,2.65%,
54,3.84M,2022-08-01,0.03959,0.0413,0.03802,0.03996,-0.93%,
55,3.85M,2022-07-31,0.03996,0.043,0.03891,0.03979,0.45%,
56,3.69M,2022-07-30,0.03978,0.04234,0.0382,0.03954,0.61%,
57,3.26M,2022-07-29,0.03954,0.04076,0.03878,0.0406,-2.61%,
58,3.11M,2022-07-28,0.0406,0.04306,0.0375,0.03977,2.09%,
59,3.01M,2022-07-27,0.03977,0.04046,0.037,0.03929,1.22%,
60,3.01M,2022-07-26,0.03929,0.04148,0.03891,0.0404,-2.70%,
61,2.74M,2022-07-25,0.04038,0.04274,0.0403,0.04259,-5.19%,
62,3.32M,2022-07-24,0.04259,0.04574,0.04123,0.04224,0.83%,
63,2.74M,2022-07-23,0.04224,0.04342,0.04161,0.0434,-2.36%,
64,1.57M,2022-07-22,0.04326,0.04444,0.04161,0.04351,-0.57%,
65,1.57M,2022-07-22,0.04326,0.04444,0.04161,0.04351,-0.57%,
66,211.74K,2022-07-21,0.04351,0.04452,0.04234,0.04432,-1.83%,
67,211.74K,2022-07-21,0.04351,0.04452,0.04234,0.04432,-1.83%,
68,490.74K,2022-07-20,0.04432,0.04636,0.04303,0.04636,-4.40%,
69,490.74K,2022-07-20,0.04432,0.04636,0.04303,0.04636,-4.40%,
70,901.69K,2022-07-19,0.04636,0.04912,0.04321,0.04321,7.29%,
71,901.69K,2022-07-19,0.04636,0.04912,0.04321,0.04321,7.29%,
72,1.21M,2022-07-18,0.04321,0.048,0.04208,0.0422,2.39%,
73,1.61M,2022-07-17,0.0422,0.04804,0.04,0.04274,-1.26%,
74,360.39K,2022-07-16,0.04274,0.0449,0.04159,0.04336,-1.43%,
75,192.09K,2022-07-15,0.04336,0.04463,0.04194,0.04389,-0.55%,
76,112.67K,2022-07-14,0.0436,0.04415,0.04227,0.04277,1.94%,
77,173.03K,2022-07-13,0.04277,0.04389,0.04165,0.04389,-2.55%,
78,232.26K,2022-07-12,0.04389,0.04724,0.043,0.04441,-1.17%,
79,462.11K,2022-07-11,0.04441,0.04749,0.04356,0.04383,1.32%,
80,368.88K,2022-07-10,0.04383,0.04651,0.04295,0.04462,-1.77%,
81,186.34K,2022-07-09,0.04462,0.04598,0.04403,0.04466,-0.09%,
82,276.87K,2022-07-08,0.04466,0.04576,0.04386,0.04386,1.82%,
83,1.53M,2022-07-07,0.04386,0.05133,0.04151,0.04448,-1.39%,
84,1.31M,2022-07-06,0.04448,0.04944,0.04068,0.04574,-2.75%,
85,455.56K,2022-07-05,0.04574,0.0464,0.04335,0.04582,-0.17%,
86,318.15K,2022-07-04,0.04582,0.04832,0.045,0.04656,-1.59%,
87,222.68K,2022-07-03,0.04656,0.04755,0.04515,0.04598,1.26%,
88,124.91K,2022-07-02,0.04598,0.04712,0.04488,0.04557,0.90%,
89,280.71K,2022-07-01,0.04557,0.04862,0.04557,0.04571,-0.31%,
90,280.71K,2022-07-01,0.04557,0.04862,0.04557,0.04571,-0.31%,
91,110.24K,2022-06-30,0.04571,0.04743,0.0451,0.04721,-3.18%,
92,110.24K,2022-06-30,0.04571,0.04743,0.0451,0.04721,-3.18%,
93,149.18K,2022-06-29,0.04721,0.04855,0.04624,0.04808,-1.81%,
94,149.18K,2022-06-29,0.04721,0.04855,0.04624,0.04808,-1.81%,
95,230.05K,2022-06-28,0.04808,0.04973,0.04628,0.04782,0.54%,
96,230.05K,2022-06-28,0.04808,0.04973,0.04628,0.04782,0.54%,
97,495.01K,2022-06-27,0.04782,0.05,0.0455,0.04904,-2.49%,
98,262.24K,2022-06-26,0.04904,0.05144,0.04874,0.05094,-3.73%,
99,1.32M,2022-06-25,0.05094,0.05906,0.04867,0.05035,1.17%,
100,630.05K,2022-06-24,0.05035,0.05168,0.04665,0.04772,5.51%,
101,603.67K,2022-06-23,0.04772,0.04982,0.04515,0.04807,-0.73%,
102,336.77K,2022-06-22,0.04807,0.04848,0.04568,0.04688,2.54%,
103,585.31K,2022-06-21,0.04688,0.05006,0.04547,0.04829,-2.92%,
104,901.07K,2022-06-20,0.04829,0.051,0.04235,0.04961,-2.66%,
105,2.65M,2022-06-19,0.04961,0.05401,0.041,0.04369,13.55%,
106,671.62K,2022-06-18,0.04369,0.04616,0.0404,0.04616,-5.35%,
107,369.25K,2022-06-17,0.04616,0.04886,0.04596,0.04646,-0.65%,
108,630.99K,2022-06-16,0.04646,0.05113,0.04599,0.05,-7.08%,
109,2.73M,2022-06-15,0.05,0.05676,0.04306,0.04683,6.77%,
110,3.52M,2022-06-14,0.04683,0.06271,0.04066,0.04188,11.82%,
111,747.74K,2022-06-13,0.04188,0.05296,0.04172,0.05296,-20.92%,
112,656.92K,2022-06-12,0.05296,0.05537,0.052,0.05435,-2.56%,
113,2.00M,2022-06-11,0.05435,0.06474,0.05075,0.06024,-9.78%,
114,1.09M,2022-06-10,0.06024,0.0649,0.05914,0.06106,-1.34%,
115,2.82M,2022-06-09,0.06106,0.06796,0.05771,0.06438,-5.16%,
116,1.41M,2022-06-08,0.06438,0.0664,0.05885,0.06031,6.75%,
117,3.37M,2022-06-07,0.06031,0.07112,0.05816,0.06183,-2.46%,
118,1.46M,2022-06-06,0.06183,0.0658,0.0583,0.05998,3.08%,
119,575.39K,2022-06-05,0.05998,0.0615,0.05749,0.06014,-0.27%,
120,657.21K,2022-06-04,0.06014,0.06236,0.0576,0.05797,3.74%,
121,716.68K,2022-06-03,0.05797,0.0634,0.0566,0.05836,-0.67%,
122,422.55K,2022-06-02,0.05836,0.05897,0.05633,0.05895,-0.97%,
123,623.71K,2022-06-01,0.05893,0.06067,0.0571,0.06016,-2.04%,
124,1.67M,2022-05-31,0.06016,0.0643,0.05661,0.06393,-5.90%,
125,1.35M,2022-05-30,0.06393,0.06576,0.06063,0.06276,1.86%,
126,1.01M,2022-05-29,0.06276,0.06344,0.05962,0.06315,-0.62%,
127,1.05M,2022-05-28,0.06315,0.06698,0.0617,0.06381,-1.03%,
128,1.58M,2022-05-27,0.06381,0.0695,0.0606,0.06439,-0.90%,
129,4.19M,2022-05-26,0.06439,0.07711,0.0616,0.06298,2.24%,
130,762.42K,2022-05-25,0.06298,0.065,0.05982,0.0624,0.93%,
131,762.42K,2022-05-25,0.06298,0.065,0.05982,0.0624,0.93%,
132,1.05M,2022-05-24,0.0624,0.06478,0.0576,0.05928,5.26%,
133,1.05M,2022-05-24,0.0624,0.06478,0.0576,0.05928,5.26%,
134,2.40M,2022-05-23,0.05928,0.06998,0.05841,0.06274,-5.51%,
135,2.40M,2022-05-23,0.05928,0.06998,0.05841,0.06274,-5.51%,
136,8.33M,2022-05-22,0.06274,0.08304,0.0548,0.06396,-1.91%,
137,13.13M,2022-05-21,0.06396,0.1248,0.04952,0.04952,29.16%,
138,1.91M,2022-05-20,0.04952,0.05673,0.0479,0.05551,-10.50%,
139,2.41M,2022-05-19,0.05533,0.058,0.04961,0.0506,9.35%,
140,2.04M,2022-05-18,0.0506,0.06,0.04879,0.05508,-8.13%,
141,7.38M,2022-05-17,0.05508,0.08,0.04822,0.04881,12.85%,
142,2.37M,2022-05-16,0.04881,0.05113,0.045,0.05013,-2.28%,
143,2.62M,2022-05-15,0.04995,0.05637,0.04196,0.04489,10.26%,
144,4.43M,2022-05-14,0.0453,0.068,0.037,0.05565,-18.60%,
145,8.41M,2022-05-13,0.05565,0.08273,0.02212,0.02525,136.71%,
146,2.61M,2022-05-12,0.02351,0.05128,0.02297,0.03772,-38.23%,
147,3.51M,2022-05-11,0.03806,0.08464,0.0335,0.07619,-50.05%,
148,5.38M,2022-05-10,0.07619,0.102,0.06011,0.06895,10.42%,
149,2.97M,2022-05-09,0.069,0.10893,0.06435,0.0924,-25.32%,
150,5.00M,2022-05-08,0.0924,0.12891,0.09098,0.101,-8.57%,
151,12.15M,2022-05-07,0.10106,0.13672,0.08863,0.10851,-6.87%,
152,16.49M,2022-05-06,0.10851,0.17124,0.08156,0.0955,13.62%,
153,16.49M,2022-05-06,0.10851,0.17124,0.08156,0.0955,13.62%,
154,8.66M,2022-05-05,0.0955,0.1366,0.08345,0.13096,-27.10%,
155,8.66M,2022-05-05,0.0955,0.1366,0.08345,0.13096,-27.10%,
156,43.22M,2022-05-04,0.131,0.229,0.068,0.07432,76.24%,
157,43.22M,2022-05-04,0.131,0.229,0.068,0.07432,76.24%,
158,6.76M,2022-05-03,0.07433,0.1166,0.03791,0.03832,93.97%,
159,6.76M,2022-05-03,0.07433,0.1166,0.03791,0.03832,93.97%,
160,765.03K,2022-05-02,0.03832,0.04259,0.03764,0.03814,0.47%,
161,3.37M,2022-05-01,0.03814,0.06179,0.03695,0.03923,-2.78%,
162,198.05K,2022-04-30,0.03923,0.04345,0.03917,0.04282,-8.38%,
163,198.05K,2022-04-30,0.03923,0.04345,0.03917,0.04282,-8.38%,
164,134.48K,2022-04-29,0.04282,0.05026,0.04252,0.04849,-11.69%,
165,134.48K,2022-04-29,0.04282,0.05026,0.04252,0.04849,-11.69%,
166,195.82K,2022-04-28,0.04849,0.05098,0.04587,0.04811,0.79%,
167,195.82K,2022-04-28,0.04849,0.05098,0.04587,0.04811,0.79%,
168,260.35K,2022-04-27,0.04811,0.05115,0.0458,0.04997,-3.72%,
169,770.97K,2022-04-26,0.04997,0.06312,0.04879,0.05188,-3.53%,
170,487.91K,2022-04-25,0.0518,0.05645,0.0497,0.05624,-7.89%,
171,415.29K,2022-04-24,0.05624,0.06268,0.05421,0.06107,-7.91%,
172,221.17K,2022-04-23,0.06107,0.06496,0.059,0.0619,-1.34%,
173,303.77K,2022-04-22,0.0619,0.06678,0.06141,0.06581,-5.94%,
174,2.14M,2022-04-21,0.06581,0.08807,0.06486,0.06521,-1.10%,
175,129.23K,2022-04-20,0.06654,0.06774,0.0642,0.06491,2.51%,
176,350.07K,2022-04-19,0.06491,0.06889,0.06196,0.06819,-4.81%,
177,253.38K,2022-04-18,0.06819,0.06889,0.06447,0.06758,0.90%,
178,91.60K,2022-04-17,0.06758,0.07168,0.06578,0.06877,-1.73%,
179,91.60K,2022-04-17,0.06758,0.07168,0.06578,0.06877,-1.73%,
180,193.13K,2022-04-16,0.06877,0.07469,0.06759,0.06774,1.76%,
181,193.13K,2022-04-16,0.06877,0.07469,0.06759,0.06774,1.76%,
182,249.14K,2022-04-15,0.06758,0.07188,0.06691,0.06995,-3.39%,
183,249.14K,2022-04-15,0.06758,0.07188,0.06691,0.06995,-3.39%,
184,241.18K,2022-04-14,0.06995,0.07705,0.06816,0.07398,-5.45%,
185,241.18K,2022-04-14,0.06995,0.07705,0.06816,0.07398,-5.45%,
186,584.01K,2022-04-13,0.07398,0.07464,0.06544,0.06948,6.48%,
187,584.01K,2022-04-13,0.07398,0.07464,0.06544,0.06948,6.48%,
188,497.01K,2022-04-12,0.06948,0.07487,0.06573,0.06586,5.43%,
189,16.39M,2022-04-11,0.0659,0.08223,0.06563,0.0816,-19.40%,
190,16.39M,2022-04-11,0.0659,0.08223,0.06563,0.0816,-19.40%,
191,21.29M,2022-04-10,0.08176,0.0989,0.08118,0.08163,0.23%,
192,21.29M,2022-04-10,0.08176,0.0989,0.08118,0.08163,0.23%,
193,21.07M,2022-04-09,0.08157,0.08384,0.07789,0.07886,3.15%,
194,21.07M,2022-04-09,0.08157,0.08384,0.07789,0.07886,3.15%,
195,22.91M,2022-04-08,0.07908,0.08575,0.07877,0.08414,-5.89%,
196,22.91M,2022-04-08,0.07908,0.08575,0.07877,0.08414,-5.89%,
197,22.88M,2022-04-07,0.08403,0.08943,0.08264,0.08838,-4.92%,
198,22.88M,2022-04-07,0.08403,0.08943,0.08264,0.08838,-4.92%,
199,14.54M,2022-04-06,0.08838,0.09229,0.08518,0.09142,-3.33%,
200,14.54M,2022-04-06,0.08838,0.09229,0.08518,0.09142,-3.33%,
201,366.15K,2022-04-05,0.09142,0.09494,0.08998,0.0905,1.02%,
202,366.15K,2022-04-05,0.09142,0.09494,0.08998,0.0905,1.02%,
203,836.02K,2022-04-04,0.0905,0.09411,0.08852,0.0935,-3.21%,
204,836.02K,2022-04-04,0.0905,0.09411,0.08852,0.0935,-3.21%,
205,525.90K,2022-04-03,0.0935,0.0942,0.08746,0.09301,0.53%,
206,525.90K,2022-04-03,0.0935,0.0942,0.08746,0.09301,0.53%,
207,406.74K,2022-04-02,0.09301,0.10226,0.093,0.0999,-6.90%,
208,312.43K,2022-04-01,0.0999,0.10165,0.09336,0.09715,2.83%,
209,671.32K,2022-03-31,0.09715,0.1022,0.0932,0.09386,3.51%,
210,20.75M,2022-03-30,0.09386,0.10594,0.09052,0.09057,3.52%,
211,26.89M,2022-03-29,0.09067,0.09971,0.09042,0.09642,-6.06%,
212,23.00M,2022-03-28,0.09652,0.102,0.08702,0.08769,9.96%,
213,19.59M,2022-03-27,0.08778,0.09168,0.0877,0.09151,-4.08%,
214,19.03M,2022-03-26,0.09151,0.0942,0.08515,0.09207,-0.69%,
215,25.25M,2022-03-25,0.09215,0.09488,0.0897,0.09163,0.50%,
216,17.80M,2022-03-24,0.09169,0.09787,0.08637,0.087,5.39%,
217,480.53K,2022-03-23,0.087,0.09141,0.08594,0.08895,-2.19%,
218,246.47K,2022-03-22,0.08895,0.08968,0.08579,0.08745,1.72%,
219,233.91K,2022-03-21,0.08745,0.08877,0.08422,0.0852,2.64%,
220,498.27K,2022-03-13,0.08209,0.08745,0.08088,0.08579,-4.31%,
221,434.12K,2022-03-12,0.08579,0.08745,0.08089,0.08359,2.63%,
222,434.12K,2022-03-12,0.08579,0.08745,0.08089,0.08359,2.63%,
223,291.97K,2022-03-11,0.08359,0.08901,0.08332,0.08839,-5.43%,
224,17.77M,2022-03-10,0.08839,0.09737,0.08484,0.09677,-8.66%,
225,22.87M,2022-03-09,0.09677,0.09737,0.08467,0.08774,10.29%,
226,2.93M,2022-03-08,0.08774,0.09737,0.08645,0.08887,-1.63%,
227,926.36K,2022-03-07,0.08919,0.11256,0.08597,0.10753,-17.06%,
228,250.75K,2022-03-06,0.10753,0.11866,0.10752,0.11851,-9.27%,
229,953.62K,2022-03-05,0.11851,0.12048,0.10707,0.111,6.77%,
230,1.65M,2022-03-04,0.111,0.12457,0.1063,0.10789,2.88%,
231,708.51K,2022-03-03,0.10789,0.11271,0.10666,0.1122,-3.84%,
232,8.90M,2022-03-02,0.1122,0.11676,0.10788,0.11264,-0.39%,
233,13.48M,2022-03-01,0.11264,0.11978,0.10804,0.11078,1.68%,
234,15.18M,2022-02-28,0.11078,0.11403,0.10317,0.10512,5.70%,
235,19.09M,2022-02-27,0.10481,0.11899,0.09894,0.10018,4.64%,
236,15.40M,2022-02-26,0.10016,0.10298,0.09842,0.1004,-0.24%,
237,9.91M,2022-02-25,0.1004,0.10391,0.09561,0.0985,1.93%,
238,12.26M,2022-02-24,0.0985,0.10573,0.09518,0.10239,-3.80%,
239,10.49M,2022-02-23,0.10239,0.11147,0.0996,0.10067,1.91%,
240,11.63M,2022-02-22,0.10047,0.10976,0.09914,0.10921,-7.99%,
241,11.63M,2022-02-22,0.10047,0.10976,0.09914,0.10921,-7.99%,
242,12.08M,2022-02-21,0.1092,0.11965,0.10881,0.11406,-4.29%,
243,12.08M,2022-02-21,0.1092,0.11965,0.10881,0.11406,-4.29%,
244,13.26M,2022-02-20,0.1141,0.12148,0.11301,0.11723,-2.69%,
245,13.26M,2022-02-20,0.1141,0.12148,0.11301,0.11723,-2.69%,
246,12.16M,2022-02-19,0.11725,0.1195,0.11608,0.11779,-0.45%,
247,15.44M,2022-02-18,0.11778,0.12285,0.11606,0.12063,-2.44%,
248,14.68M,2022-02-17,0.12073,0.13175,0.12001,0.12727,-5.01%,
249,16.18M,2022-02-16,0.1271,0.13501,0.12303,0.13107,-3.21%,
250,14.88M,2022-02-15,0.13131,0.13998,0.12546,0.12617,4.23%,
251,14.88M,2022-02-15,0.13131,0.13998,0.12546,0.12617,4.23%,
252,15.76M,2022-02-14,0.12598,0.1331,0.12247,0.13006,-4.50%,
253,18.57M,2022-02-13,0.13192,0.15304,0.11329,0.11599,14.02%,
254,18.57M,2022-02-13,0.13192,0.15304,0.11329,0.11599,14.02%,
255,19.46M,2022-02-12,0.1157,0.12145,0.11245,0.117,-1.10%,
256,19.46M,2022-02-12,0.1157,0.12145,0.11245,0.117,-1.10%,
257,20.45M,2022-02-11,0.11699,0.1433,0.11572,0.13788,-15.02%,
258,20.45M,2022-02-11,0.11699,0.1433,0.11572,0.13788,-15.02%,
259,18.44M,2022-02-10,0.13767,0.14372,0.118,0.1269,8.65%,
260,15.43M,2022-02-09,0.12671,0.1459,0.11865,0.12108,4.29%,
261,16.91M,2022-02-08,0.1215,0.1339,0.11528,0.13282,-8.36%,
262,17.36M,2022-02-07,0.13259,0.15453,0.13115,0.14262,-7.66%,
263,19.15M,2022-02-06,0.14359,0.1573,0.10736,0.10884,32.07%,
264,14.68M,2022-02-05,0.10872,0.11176,0.10628,0.1109,-1.68%,
265,17.16M,2022-02-04,0.11058,0.11781,0.09365,0.09723,13.92%,
266,17.45M,2022-02-03,0.09707,0.09773,0.09194,0.09751,-0.45%,
267,643.86K,2022-01-31,0.10425,0.11724,0.09366,0.09719,7.26%,
268,2.76M,2022-01-30,0.09719,0.13458,0.09222,0.09222,5.39%,
269,220.58K,2022-01-29,0.09222,0.0942,0.0896,0.0917,0.57%,
270,117.70K,2022-01-28,0.0917,0.09398,0.08828,0.09009,1.79%,
271,164.32K,2022-01-27,0.09009,0.09148,0.086,0.08767,2.76%,
272,2.03M,2022-01-26,0.08767,0.10855,0.08102,0.08409,4.26%,
273,3.58M,2022-01-25,0.08409,0.138,0.06975,0.07273,15.62%,
274,244.19K,2022-01-24,0.07273,0.07677,0.06405,0.07491,-2.91%,
275,328.23K,2022-01-23,0.07491,0.08636,0.0705,0.07607,-1.52%,
276,429.49K,2022-01-22,0.07607,0.10243,0.0698,0.09925,-23.36%,
277,391.95K,2022-01-21,0.09925,0.12579,0.0944,0.12307,-19.35%,
278,177.04K,2022-01-20,0.12307,0.12747,0.1223,0.12305,0.02%,
279,128.00K,2022-01-19,0.12305,0.1262,0.12113,0.12445,-1.12%,
280,234.80K,2022-01-18,0.12445,0.12759,0.12301,0.12759,-2.46%,
281,418.52K,2022-01-17,0.12759,0.13288,0.1235,0.13151,-2.98%,
282,401.73K,2022-01-16,0.13151,0.13607,0.12871,0.13444,-2.18%,
283,804.68K,2022-01-15,0.13444,0.13818,0.12701,0.13088,2.72%,
284,2.97M,2022-01-14,0.13088,0.18,0.1251,0.13862,-5.58%,
285,9.71M,2022-01-13,0.13862,0.14321,0.1271,0.13935,-0.77%,
286,14.62M,2022-01-12,0.13969,0.14494,0.12402,0.12999,7.48%,
287,16.35M,2022-01-11,0.12997,0.13546,0.12718,0.12752,1.69%,
288,12.13M,2022-01-10,0.12781,0.14691,0.1236,0.12726,0.81%,
289,5.67M,2022-01-09,0.12678,0.13282,0.12386,0.126,0.81%,
290,5.86M,2022-01-08,0.12576,0.13619,0.12418,0.13268,-5.22%,
291,5.91M,2022-01-07,0.13268,0.13564,0.12825,0.13512,-1.81%,
292,6.13M,2022-01-06,0.13512,0.14149,0.13024,0.141,-4.04%,
293,7.96M,2022-01-05,0.14081,0.15103,0.13592,0.15053,-6.36%,
294,8.92M,2022-01-04,0.15038,0.1737,0.1462,0.14774,1.79%,
295,8.06M,2022-01-03,0.14774,0.15701,0.14225,0.14499,2.07%,
296,7.11M,2022-01-02,0.14475,0.14893,0.14363,0.14494,-0.06%,
297,7.58M,2022-01-01,0.14483,0.15418,0.14254,0.14257,1.58%,
298,8.43M,2021-12-31,0.14258,0.15138,0.14083,0.14594,-2.30%,
299,13.50M,2021-12-30,0.14594,0.15436,0.143,0.15425,-5.36%,
300,13.50M,2021-12-30,0.14594,0.15436,0.143,0.15425,-5.36%,
301,19.15M,2021-12-29,0.15421,0.16714,0.14525,0.14649,5.08%,
302,19.15M,2021-12-29,0.15421,0.16714,0.14525,0.14649,5.08%,
303,14.06M,2021-12-28,0.14675,0.16564,0.14453,0.16371,-10.46%,
304,14.06M,2021-12-28,0.14675,0.16564,0.14453,0.16371,-10.46%,
305,12.00M,2021-12-27,0.1639,0.17206,0.15787,0.16047,2.28%,
306,12.00M,2021-12-27,0.1639,0.17206,0.15787,0.16047,2.28%,
307,12.15M,2021-12-26,0.16025,0.17382,0.15252,0.15512,3.25%,
308,12.15M,2021-12-26,0.16025,0.17382,0.15252,0.15512,3.25%,
309,14.87M,2021-12-25,0.1552,0.16679,0.15416,0.16662,-6.83%,
310,14.87M,2021-12-25,0.1552,0.16679,0.15416,0.16662,-6.83%,
311,14.65M,2021-12-24,0.16657,0.17471,0.16554,0.17448,-4.53%,
312,14.65M,2021-12-24,0.16657,0.17471,0.16554,0.17448,-4.53%,
313,15.00M,2021-12-23,0.17448,0.18854,0.16248,0.16476,6.06%,
314,15.00M,2021-12-23,0.17448,0.18854,0.16248,0.16476,6.06%,
315,19.51M,2021-12-22,0.16451,0.26014,0.13825,0.13869,18.64%,
316,19.51M,2021-12-22,0.16451,0.26014,0.13825,0.13869,18.64%,
317,10.13M,2021-12-21,0.13866,0.14,0.1302,0.13181,5.20%,
318,10.13M,2021-12-21,0.13866,0.14,0.1302,0.13181,5.20%,
319,8.46M,2021-12-20,0.13181,0.14388,0.12812,0.13237,-0.42%,
320,8.48M,2021-12-19,0.13236,0.1385,0.13172,0.13499,-1.87%,
321,9.48M,2021-12-18,0.13488,0.13992,0.13092,0.13765,-2.06%,
322,8.84M,2021-12-17,0.13771,0.14467,0.12726,0.13221,4.02%,
323,8.50M,2021-12-16,0.13239,0.14328,0.13067,0.13178,0.47%,
324,8.46M,2021-12-15,0.13177,0.14191,0.12513,0.13744,-4.01%,
325,8.69M,2021-12-14,0.13727,0.13982,0.13064,0.13678,0.36%,
326,8.69M,2021-12-14,0.13727,0.13982,0.13064,0.13678,0.36%,
327,8.87M,2021-12-13,0.13678,0.15521,0.13568,0.1532,-10.71%,
328,9.24M,2021-12-12,0.15319,0.15739,0.14769,0.14883,3.08%,
329,7.84M,2021-12-11,0.14861,0.15407,0.145,0.14589,1.84%,
330,8.64M,2021-12-10,0.14593,0.15443,0.14549,0.15001,-2.73%,
331,9.53M,2021-12-09,0.15003,0.16254,0.14801,0.1579,-5.06%,
332,7.55M,2021-12-08,0.15802,0.18157,0.1511,0.17776,-11.05%,
333,10.02M,2021-12-07,0.17766,0.18585,0.14524,0.15164,16.92%,
334,10.02M,2021-12-07,0.17766,0.18585,0.14524,0.15164,16.92%,
335,6.31M,2021-12-06,0.15195,0.168,0.119,0.16617,-8.54%,
336,6.31M,2021-12-06,0.15195,0.168,0.119,0.16617,-8.54%,
337,3.34M,2021-12-05,0.16614,0.1724,0.15598,0.17092,-2.80%,
338,3.34M,2021-12-05,0.16614,0.1724,0.15598,0.17092,-2.80%,
339,1.12M,2021-12-04,0.17092,0.21235,0.16801,0.21207,-19.53%,
340,1.12M,2021-12-04,0.17092,0.21235,0.16801,0.21207,-19.53%,
341,5.15M,2021-12-03,0.21241,0.23328,0.20304,0.21845,-2.76%,
342,1.68M,2021-12-02,0.21845,0.23635,0.21171,0.23631,-7.56%,
343,3.87M,2021-12-01,0.23631,0.255,0.22,0.22736,3.97%,
344,2.99M,2021-11-30,0.22729,0.23767,0.219,0.23702,-4.11%,
345,3.78M,2021-11-29,0.23703,0.26449,0.23,0.23921,-0.87%,
346,3.99M,2021-11-28,0.2391,0.27,0.22472,0.22822,4.72%,
347,4.15M,2021-11-27,0.22833,0.24206,0.20723,0.21579,5.81%,
348,4.70M,2021-11-26,0.21579,0.24366,0.20567,0.22414,-3.73%,
349,4.02M,2021-11-25,0.22416,0.24588,0.21385,0.217,3.30%,
350,2.99M,2021-11-24,0.217,0.23602,0.21139,0.2264,-4.15%,
351,3.81M,2021-11-23,0.2264,0.2455,0.21867,0.23092,-1.96%,
352,1.69M,2021-11-22,0.23092,0.24007,0.21336,0.23065,0.12%,
353,1.00M,2021-11-17,0.23749,0.24104,0.22159,0.23044,3.06%,
354,671.22K,2021-11-16,0.23044,0.26191,0.23,0.25991,-11.34%,
355,1.03M,2021-11-15,0.25991,0.29062,0.25052,0.29061,-10.56%,
356,1.82M,2021-11-14,0.29061,0.31178,0.26292,0.2684,8.27%,
357,1.24M,2021-11-13,0.2684,0.2792,0.24,0.24532,9.41%,
358,1.22M,2021-11-12,0.24532,0.27722,0.2402,0.26097,-6.00%,
359,2.68M,2021-11-11,0.26097,0.31806,0.2495,0.25534,1.28%,
360,9.01M,2021-11-10,0.25766,0.38835,0.25192,0.2979,-13.51%,
361,9.48M,2021-11-09,0.2979,0.37001,0.2082,0.21658,37.55%,
362,928.29K,2021-11-08,0.21658,0.22603,0.20506,0.2198,-1.46%,
363,928.29K,2021-11-08,0.21658,0.22603,0.20506,0.2198,-1.46%,
364,1.10M,2021-11-07,0.2198,0.2464,0.2087,0.2346,-6.31%,
365,1.10M,2021-11-07,0.2198,0.2464,0.2087,0.2346,-6.31%,
366,986.77K,2021-11-06,0.2346,0.24976,0.20189,0.21789,7.67%,
367,986.77K,2021-11-06,0.2346,0.24976,0.20189,0.21789,7.67%,
368,978.72K,2021-11-05,0.21789,0.23415,0.20016,0.20016,8.34%,
369,978.72K,2021-11-05,0.21789,0.23415,0.20016,0.20016,8.34%,
370,1.06M,2021-11-04,0.20112,0.22733,0.2,0.22702,-11.41%,
371,1.06M,2021-11-04,0.20112,0.22733,0.2,0.22702,-11.41%,
372,2.52M,2021-11-03,0.22702,0.2689,0.224,0.2278,-0.34%,
373,7.69M,2021-11-02,0.2278,0.37073,0.20755,0.22271,2.29%,
374,2.76M,2021-11-01,0.22271,0.25,0.1888,0.1939,14.86%,
375,1.08M,2021-10-31,0.1939,0.21474,0.18227,0.18648,3.98%,
376,1.08M,2021-10-31,0.1939,0.21474,0.18227,0.18648,3.98%,
377,1.41M,2021-10-30,0.18648,0.22007,0.18568,0.19833,-5.97%,
378,1.41M,2021-10-30,0.18648,0.22007,0.18568,0.19833,-5.97%,
379,2.58M,2021-10-29,0.19833,0.27,0.18192,0.19854,-0.11%,
380,2.58M,2021-10-29,0.19833,0.27,0.18192,0.19854,-0.11%,
381,1.46M,2021-10-28,0.19854,0.2087,0.17891,0.17891,10.97%,
382,1.46M,2021-10-28,0.19854,0.2087,0.17891,0.17891,10.97%,
383,1.41M,2021-10-27,0.17891,0.2305,0.175,0.227,-21.19%,
384,1.41M,2021-10-27,0.17891,0.2305,0.175,0.227,-21.19%,
385,2.16M,2021-10-26,0.227,0.25984,0.224,0.25414,-10.68%,
386,2.16M,2021-10-26,0.227,0.25984,0.224,0.25414,-10.68%,
387,3.01M,2021-10-25,0.25414,0.31673,0.2501,0.27168,-6.46%,
388,3.01M,2021-10-25,0.25414,0.31673,0.2501,0.27168,-6.46%,
389,3.06M,2021-10-24,0.27168,0.3238,0.25099,0.30898,-12.07%,
390,3.06M,2021-10-24,0.27168,0.3238,0.25099,0.30898,-12.07%,
391,9.69M,2021-10-23,0.30898,0.4502,0.27513,0.3045,1.47%,
392,10.84M,2021-10-22,0.3045,0.51,0.26167,0.4792,-36.46%,
393,29.55M,2021-10-21,0.4792,0.6789700000000001,0.15807,0.16359,192.93%,
394,2.00M,2021-10-20,0.16359,0.18389,0.14611,0.1516,7.58%,
395,1.81M,2021-10-19,0.15206,0.15749,0.14193,0.14766,2.98%,
396,1.01M,2021-10-18,0.14766,0.14998,0.13685,0.14044,5.14%,
397,150.50K,2021-10-17,0.14044,0.15499,0.13368,0.13967,0.55%,
398,53.19K,2021-10-16,0.13967,0.14251,0.13235,0.13975,-0.06%,
399,79.39K,2021-10-15,0.13975,0.14915,0.13641,0.14098,-0.87%,
400,389.96K,2021-10-14,0.14098,0.14107,0.13878,0.14006,0.66%,
401,1.96M,2021-10-13,0.14006,0.14098,0.13576,0.13578,3.15%,
402,2.12M,2021-10-12,0.13578,0.14098,0.13562,0.1384,-1.89%,
403,2.12M,2021-10-12,0.13578,0.14098,0.13562,0.1384,-1.89%,
404,1.72M,2021-10-11,0.1384,0.14679,0.13699,0.14611,-5.28%,
405,1.91M,2021-10-10,0.14611,0.15843,0.14302,0.14881,-1.81%,
406,2.09M,2021-10-09,0.14881,0.175,0.13518,0.14736,0.98%,
407,2.10M,2021-10-08,0.14736,0.14736,0.13,0.13203,11.61%,
408,2.17M,2021-10-07,0.13203,0.13732,0.13131,0.13527,-2.40%,
409,2.17M,2021-10-07,0.13203,0.13732,0.13131,0.13527,-2.40%,
410,2.07M,2021-10-06,0.13527,0.14128,0.13373,0.14028,-3.57%,
411,2.07M,2021-10-06,0.13527,0.14128,0.13373,0.14028,-3.57%,
412,1.79M,2021-10-05,0.14028,0.14389,0.13321,0.13918,0.79%,
413,1.79M,2021-10-05,0.14028,0.14389,0.13321,0.13918,0.79%,
414,2.00M,2021-10-04,0.13918,0.14607,0.13703,0.13952,-0.24%,
415,2.00M,2021-10-04,0.13918,0.14607,0.13703,0.13952,-0.24%,
416,2.03M,2021-10-03,0.13952,0.14289,0.13698,0.1407,-0.84%,
417,1.91M,2021-09-28,0.13806,0.14217,0.13703,0.14029,-1.59%,
418,1.91M,2021-09-28,0.13806,0.14217,0.13703,0.14029,-1.59%,
419,1.86M,2021-09-27,0.14029,0.144,0.13931,0.14212,-1.29%,
420,1.86M,2021-09-27,0.14029,0.144,0.13931,0.14212,-1.29%,
421,1.44M,2021-09-26,0.14212,0.14748,0.141,0.14204,0.06%,
422,1.65M,2021-09-25,0.14204,0.15146,0.142,0.15088,-5.86%,
423,1.83M,2021-09-24,0.15088,0.15256,0.142,0.14751,2.28%,
424,1.75M,2021-09-23,0.14751,0.15834,0.14595,0.14851,-0.67%,
425,2.22M,2021-09-22,0.14851,0.1508,0.14084,0.14465,2.67%,
426,1.97M,2021-09-21,0.14465,0.15971,0.1409,0.14137,2.32%,
427,1.88M,2021-09-20,0.14137,0.16378,0.14,0.1603,-11.81%,
428,1.79M,2021-09-19,0.1603,0.16795,0.16,0.16517,-3.10%,
429,1.62M,2021-09-18,0.16543,0.16998,0.16092,0.16202,2.10%,
430,2.25M,2021-09-17,0.16202,0.1649,0.159,0.16228,-0.16%,
431,3.48M,2021-09-16,0.16228,0.16648,0.15905,0.16161,0.41%,
432,3.17M,2021-09-15,0.16161,0.17055,0.16053,0.16616,-2.74%,
433,4.35M,2021-09-14,0.16616,0.18089,0.15833,0.18032,-7.85%,
434,4.59M,2021-09-13,0.18032,0.2222,0.15417,0.15845,13.80%,
435,3.64M,2021-09-12,0.15845,0.175,0.15562,0.15642,1.32%,
436,3.21M,2021-09-11,0.15638,0.2,0.15154,0.15222,2.73%,
437,2.04M,2021-09-10,0.15222,0.17509,0.1518,0.16814,-9.46%,
438,2.04M,2021-09-10,0.15222,0.17509,0.1518,0.16814,-9.46%,
439,2.65M,2021-09-09,0.16813,0.17481,0.16377,0.16933,-0.71%,
440,2.65M,2021-09-09,0.16813,0.17481,0.16377,0.16933,-0.71%,
441,3.33M,2021-09-08,0.16933,0.17631,0.16185,0.1715,-1.18%,
442,3.33M,2021-09-08,0.16933,0.17631,0.16185,0.1715,-1.18%,
443,3.54M,2021-09-07,0.17135,0.198,0.16565,0.17633,-2.82%,
444,3.54M,2021-09-07,0.17135,0.198,0.16565,0.17633,-2.82%,
445,2.99M,2021-09-06,0.17633,0.21,0.1633,0.16954,4.00%,
446,2.99M,2021-09-06,0.17633,0.21,0.1633,0.16954,4.00%,
447,2.85M,2021-09-05,0.16954,0.177,0.16838,0.17018,-0.38%,
448,2.85M,2021-09-05,0.16954,0.177,0.16838,0.17018,-0.38%,
449,3.35M,2021-09-04,0.17018,0.17709,0.16804,0.17329,-1.79%,
450,3.35M,2021-09-04,0.17018,0.17709,0.16804,0.17329,-1.79%,
451,3.40M,2021-09-03,0.17329,0.18031,0.16816,0.17723,-1.97%,
452,3.40M,2021-09-03,0.17329,0.18031,0.16816,0.17723,-1.97%,
453,2.70M,2021-09-02,0.17677,0.17989,0.16316,0.16946,4.31%,
454,2.70M,2021-09-02,0.17677,0.17989,0.16316,0.16946,4.31%,
455,3.48M,2021-09-01,0.16946,0.17276,0.16501,0.17269,-1.87%,
456,3.21M,2021-08-31,0.17269,0.17998,0.16905,0.17048,1.30%,
457,3.31M,2021-08-30,0.17048,0.17999,0.16643,0.17108,-0.35%,
458,3.53M,2021-08-29,0.17108,0.18436,0.16722,0.17943,-4.88%,
459,3.01M,2021-08-28,0.17986,0.18499,0.17388,0.17982,0.02%,
460,1.60M,2021-08-27,0.17982,0.18497,0.17315,0.17387,3.42%,
461,2.65M,2021-08-26,0.17387,0.19331,0.17002,0.19185,-9.37%,
462,3.56M,2021-08-25,0.19185,0.22999,0.1749,0.1749,9.69%,
463,2.29M,2021-08-24,0.1749,0.19028,0.16589,0.18854,-7.59%,
464,3.70M,2021-08-23,0.18927,0.222,0.178,0.1929,-1.88%,
465,4.63M,2021-08-22,0.1929,0.197,0.17789,0.18753,2.86%,
466,5.91M,2021-08-21,0.18753,0.188,0.16,0.16382,14.47%,
467,1.59M,2021-08-20,0.16382,0.16979,0.16001,0.16292,0.55%,
468,296.11K,2021-08-19,0.16292,0.18764,0.15432,0.18578,-12.30%,
469,84.72K,2021-08-18,0.18578,0.19895,0.18108,0.1869,-0.60%,
470,86.25K,2021-08-17,0.1869,0.209,0.18337,0.20419,-8.47%,
471,192.64K,2021-08-16,0.20419,0.21855,0.1993,0.20715,-1.43%,
472,841.75K,2021-08-15,0.20715,0.24,0.17264,0.17264,19.99%,
473,265.02K,2021-08-14,0.17264,0.18423,0.16501,0.17774,-2.87%,
474,166.51K,2021-08-13,0.17774,0.18794,0.15996,0.15996,11.12%,
475,143.13K,2021-08-12,0.15996,0.18005,0.15966,0.17502,-8.60%,
476,281.58K,2021-08-11,0.17502,0.193,0.16039,0.17018,2.84%,
477,123.94K,2021-08-10,0.17018,0.17199,0.15803,0.15999,6.37%,
478,123.94K,2021-08-10,0.17018,0.17199,0.15803,0.15999,6.37%,
479,286.54K,2021-08-09,0.15999,0.17053,0.15,0.16709,-4.25%,
480,302.39K,2021-08-08,0.16709,0.194,0.15101,0.15368,8.73%,
481,1.13M,2021-08-07,0.15368,0.17055,0.15,0.16641,-7.65%,
482,101.03K,2021-08-06,0.16641,0.16998,0.15,0.15141,9.91%,
483,101.03K,2021-08-06,0.16641,0.16998,0.15,0.15141,9.91%,
484,107.26K,2021-08-05,0.15141,0.15841,0.1488,0.1554,-2.57%,
485,155.75K,2021-08-04,0.1554,0.17356,0.15112,0.16306,-4.70%,
486,155.75K,2021-08-04,0.1554,0.17356,0.15112,0.16306,-4.70%,
487,96.21K,2021-08-03,0.16306,0.17655,0.15902,0.17356,-6.05%,
488,96.21K,2021-08-03,0.16306,0.17655,0.15902,0.17356,-6.05%,
489,77.11K,2021-08-02,0.17356,0.18877,0.1699,0.17522,-0.95%,
490,77.11K,2021-08-02,0.17356,0.18877,0.1699,0.17522,-0.95%,
491,944.33K,2021-08-01,0.17522,0.19706,0.16365,0.16827,4.13%,
492,698.15K,2021-07-31,0.16827,0.179,0.16435,0.1716,-1.94%,
493,66.59K,2021-07-30,0.1716,0.17706,0.16068,0.17107,0.31%,
494,74.18K,2021-07-29,0.17107,0.17875,0.16632,0.17464,-2.04%,
495,74.18K,2021-07-29,0.17107,0.17875,0.16632,0.17464,-2.04%,
496,943.51K,2021-07-28,0.17464,0.17994,0.16661,0.16831,3.93%,
497,943.51K,2021-07-28,0.17464,0.17994,0.16661,0.16831,3.93%,
498,1.28M,2021-07-27,0.16804,0.17943,0.16384,0.17109,-1.78%,
499,294.69K,2021-07-26,0.17109,0.20296,0.1667,0.1667,1.99%,
500,93.41K,2021-07-25,0.16775,0.18407,0.16411,0.18206,-4.64%,
501,44.66K,2021-07-24,0.17592,0.1795,0.16746,0.16978,3.62%,
502,148.63K,2021-07-23,0.16978,0.19997,0.16113,0.1627,4.35%,
503,66.77K,2021-07-22,0.1627,0.17278,0.15598,0.15649,3.97%,
504,66.77K,2021-07-22,0.1627,0.17278,0.15598,0.15649,3.97%,
505,166.69K,2021-07-21,0.15649,0.16636,0.13528,0.14574,7.38%,
506,166.69K,2021-07-21,0.15649,0.16636,0.13528,0.14574,7.38%,
507,117.31K,2021-07-20,0.14574,0.16161,0.139,0.14034,3.85%,
508,117.31K,2021-07-20,0.14574,0.16161,0.139,0.14034,3.85%,
509,36.22K,2021-07-19,0.14034,0.15148,0.14031,0.14514,-3.31%,
510,75.38K,2021-07-18,0.14514,0.16799,0.14147,0.16021,-9.21%,
511,79.66K,2021-07-17,0.15987,0.16789,0.14951,0.15313,4.40%,
512,106.20K,2021-07-16,0.15313,0.16624,0.15116,0.15612,-1.90%,
513,162.07K,2021-07-15,0.1561,0.16799,0.15117,0.15405,1.33%,
514,186.41K,2021-07-14,0.15405,0.17,0.14323,0.15674,-2.20%,
515,113.19K,2021-07-13,0.15751,0.16499,0.14,0.14742,6.84%,
516,100.03K,2021-07-12,0.14742,0.15631,0.14021,0.15498,-4.88%,
517,198.19K,2021-07-11,0.15498,0.16676,0.14886,0.15937,-2.75%,
518,207.45K,2021-07-10,0.15937,0.16728,0.1489,0.16676,-4.73%,
519,138.91K,2021-07-09,0.16729,0.17594,0.16207,0.16663,0.35%,
520,117.74K,2021-07-08,0.16671,0.16967,0.16,0.16284,2.38%,
521,270.65K,2021-07-07,0.16284,0.17494,0.16105,0.17494,-13.08%,
522,198.06K,2021-07-06,0.18735,0.19344,0.17594,0.17914,4.58%,
523,83.20K,2021-07-05,0.17914,0.18025,0.17021,0.17021,5.25%,
524,233.04K,2021-07-04,0.17021,0.17337,0.16927,0.16927,0.29%,
525,137.09K,2021-07-03,0.16971,0.16971,0.16566,0.16667,1.82%,
526,137.09K,2021-07-03,0.16971,0.16971,0.16566,0.16667,1.82%,
527,258.18K,2021-07-02,0.16667,0.16864,0.15807,0.16864,-1.17%,
528,258.18K,2021-07-02,0.16667,0.16864,0.15807,0.16864,-1.17%,
529,94.49K,2021-07-01,0.16864,0.17736,0.16519,0.17736,-4.92%,
530,94.49K,2021-07-01,0.16864,0.17736,0.16519,0.17736,-4.92%,
531,94.77K,2021-06-30,0.17736,0.18082,0.17028,0.18082,-1.81%,
532,131.62K,2021-06-29,0.18063,0.19196,0.17806,0.19196,-5.90%,
533,129.11K,2021-06-28,0.19196,0.19758,0.18829,0.19758,-1.98%,
534,129.11K,2021-06-28,0.19196,0.19758,0.18829,0.19758,-1.98%,
535,128.43K,2021-06-27,0.19583,0.21085,0.18601,0.18601,5.28%,
536,128.43K,2021-06-27,0.19583,0.21085,0.18601,0.18601,5.28%,
537,84.67K,2021-06-26,0.18601,0.18645,0.18052,0.18052,3.04%,
538,244.72K,2021-06-25,0.18052,0.1951,0.1761,0.1951,-7.47%,
539,640.65K,2021-06-24,0.1951,0.1951,0.17165,0.18305,6.58%,
540,278.92K,2021-06-23,0.18305,0.19817,0.18305,0.19287,-5.09%,
541,414.86K,2021-06-22,0.19287,0.21999,0.19287,0.21999,-12.33%,
542,240.78K,2021-06-21,0.21999,0.23654,0.21194,0.23654,-7.00%,
543,287.72K,2021-06-20,0.23654,0.25276,0.22544,0.25276,-6.42%,
544,287.72K,2021-06-20,0.23654,0.25276,0.22544,0.25276,-6.42%,
545,176.05K,2021-06-19,0.25276,0.25542,0.2519,0.25542,-1.04%,
546,487.91K,2021-06-18,0.25542,0.25542,0.24165,0.24732,3.28%,
547,277.04K,2021-06-17,0.24732,0.26026,0.24732,0.25768,-4.02%,
548,370.17K,2021-06-16,0.25768,0.26655,0.25768,0.26383,-2.33%,
549,370.17K,2021-06-16,0.25768,0.26655,0.25768,0.26383,-2.33%,
550,303.10K,2021-06-15,0.26383,0.28927,0.26383,0.27559,-4.27%,
551,303.10K,2021-06-15,0.26383,0.28927,0.26383,0.27559,-4.27%,
552,332.47K,2021-06-14,0.27559,0.27717,0.2753,0.27603,-0.24%,
553,236.70K,2021-06-13,0.27624,0.2842,0.27624,0.2816,-1.90%,
554,241.06K,2021-06-12,0.2816,0.29591,0.27531,0.29591,-4.84%,
555,299.57K,2021-06-11,0.29591,0.3,0.273,0.29118,1.62%,
556,691.31K,2021-06-10,0.29118,0.29706,0.28258,0.29706,-1.98%,
557,360.53K,2021-06-09,0.29706,0.29706,0.26763,0.29367,1.15%,
558,408.19K,2021-06-08,0.29367,0.29367,0.26453,0.27143,8.19%,
559,482.77K,2021-06-07,0.27143,0.341,0.27143,0.341,-20.40%,
560,1.17M,2021-06-06,0.341,0.38815,0.2835,0.2835,20.28%,
561,177.88K,2021-06-05,0.2835,0.28999,0.27721,0.27721,2.27%,
562,292.19K,2021-06-04,0.27721,0.31408,0.27721,0.31408,-11.74%,
563,352.27K,2021-06-03,0.31408,0.32151,0.30025,0.30025,4.61%,
564,813.59K,2021-06-02,0.30025,0.34186,0.30025,0.34186,-12.17%,
565,378.36K,2021-06-01,0.34186,0.38998,0.34185,0.38938,-12.21%,
566,378.36K,2021-06-01,0.34186,0.38998,0.34185,0.38938,-12.21%,
567,619.28K,2021-05-31,0.38942,0.46356,0.38942,0.46356,-15.35%,
568,619.28K,2021-05-31,0.38942,0.46356,0.38942,0.46356,-15.35%,
569,2.39M,2021-05-30,0.46003,0.489,0.393,0.489,-5.92%,
570,2.39M,2021-05-30,0.46003,0.489,0.393,0.489,-5.92%,
571,4.08M,2021-05-29,0.489,0.58,0.27088,0.27088,80.52%,
572,139.03K,2021-05-28,0.27088,0.3397,0.24115,0.3397,-19.30%,
573,370.03K,2021-05-27,0.33565,0.35023,0.33565,0.34516,-2.74%,
574,232.22K,2021-05-26,0.34512,0.35601,0.33598,0.35601,-3.06%,
575,232.22K,2021-05-26,0.34512,0.35601,0.33598,0.35601,-3.06%,
576,573.42K,2021-05-25,0.35601,0.39944,0.3547,0.38672,-7.94%,
577,77.00K,2021-05-24,0.38672,0.38672,0.33823,0.34895,10.82%,
578,220.08K,2021-05-23,0.34895,0.47164,0.34895,0.47164,-26.01%,
579,590.07K,2021-05-22,0.47164,0.47984,0.47164,0.47984,-1.15%,
580,36.53K,2021-05-21,0.47711,0.54817,0.47711,0.53724,-11.19%,
581,46.48K,2021-05-20,0.53724,0.5468000000000001,0.50321,0.5468000000000001,-2.33%,
582,107.21K,2021-05-19,0.55005,0.8109400000000001,0.5402800000000001,0.8109400000000001,-32.17%,
583,17.34K,2021-05-18,0.8109400000000001,0.8401700000000001,0.8093400000000001,0.83301,-2.65%,
584,50.34K,2021-05-17,0.83301,0.8874400000000001,0.8297,0.8874400000000001,-6.13%,
585,17.12K,2021-05-16,0.8874400000000001,0.91067,0.8874400000000001,0.90991,-2.47%,
586,29.58K,2021-05-15,0.90991,0.90992,0.89192,0.89192,2.02%,
587,182.01K,2021-05-14,0.89192,0.91441,0.89192,0.91441,-2.46%,
588,69.12K,2021-05-13,0.91441,0.91442,0.90713,0.90713,0.80%,
589,24.02K,2021-05-12,0.90713,0.92791,0.90713,0.9234,-1.76%,
590,381.95K,2021-05-11,0.9234,0.92847,0.88741,0.92847,-0.55%,
591,277.58K,2021-05-10,0.92847,1.00246,0.92847,0.94508,-1.76%,
592,556.66K,2021-05-09,0.94508,0.98332,0.90677,0.90677,4.22%,
593,56.05K,2021-05-08,0.90677,0.92973,0.7498100000000001,0.7612800000000001,19.11%,
594,821.00K,2021-05-07,0.7612800000000001,0.7700800000000001,0.7498100000000001,0.7700800000000001,-1.14%,
595,36.32K,2021-05-06,0.7700800000000001,0.7700800000000001,0.7345100000000001,0.74985,2.70%,
596,38.99K,2021-05-05,0.74985,0.74985,0.72613,0.74982,2.03%,
597,28.49K,2021-05-04,0.73494,0.8531700000000001,0.73494,0.8531700000000001,-13.86%,
598,795.81K,2021-05-02,0.83786,0.86316,0.8181600000000001,0.8576900000000001,-2.31%,
599,539.30K,2021-05-01,0.8576900000000001,0.92207,0.84935,0.84935,0.98%,
600,55.09K,2021-04-30,0.84935,0.8594,0.7301500000000001,0.7646400000000001,11.08%,
601,65.30K,2021-04-29,0.7646400000000001,0.7646400000000001,0.673,0.6741100000000001,13.43%,
602,32.91K,2021-04-28,0.6741100000000001,0.6960200000000001,0.6741,0.6960200000000001,-3.15%,
603,32.69K,2021-04-27,0.6960200000000001,0.71526,0.6960200000000001,0.70523,-1.31%,
604,19.19K,2021-04-25,0.65385,0.6955300000000001,0.6513,0.6955300000000001,-5.99%,
605,68.67K,2021-04-24,0.6955300000000001,0.7078500000000001,0.69488,0.7035,-2.94%,
606,141.19K,2021-04-23,0.7165800000000001,0.8646900000000001,0.6244900000000001,0.8646900000000001,-17.13%,
607,395.99K,2021-04-22,0.8647,0.94748,0.72562,0.7256300000000001,19.17%,
608,214.54K,2021-04-19,0.806,0.85599,0.7500100000000001,0.7993500000000001,0.28%,
609,759.38K,2021-04-18,0.80371,1.01591,0.80371,1.01591,-20.89%,
610,15.33K,2021-04-17,1.01591,1.0389,0.96823,0.97202,5.43%,
611,19.76K,2021-04-16,0.96363,1.04822,0.96363,1.03228,-6.65%,
612,14.56K,2021-04-15,1.03228,1.07915,1.01783,1.07627,-4.09%,
613,17.33K,2021-04-14,1.07627,1.11949,1.06529,1.09185,-1.25%,
614,51.14K,2021-04-13,1.08987,1.24999,1.08987,1.16056,-6.10%,
615,30.52K,2021-04-12,1.16066,1.16066,1.13353,1.13781,2.01%,
616,19.19K,2021-04-11,1.13781,1.14581,1.09568,1.10939,2.56%,
617,19.30K,2021-04-10,1.10939,1.10974,1.06534,1.09063,1.72%,
618,26.59K,2021-04-09,1.09063,1.10384,1.09015,1.09015,0.04%,
619,16.50K,2021-04-08,1.09015,1.11711,1.05445,1.09255,-0.22%,
620,19.25K,2021-04-07,1.09255,1.09255,1.03428,1.05,4.55%,
621,25.43K,2021-04-06,1.04499,1.05266,0.9811,0.98968,5.59%,
622,45.94K,2021-04-05,0.98968,0.9998,0.91428,0.95242,3.91%,
623,21.89K,2021-04-04,0.95242,0.95242,0.8512900000000001,0.8512900000000001,11.88%,
624,16.61K,2021-04-02,0.85918,0.8852700000000001,0.85918,0.8714200000000001,-1.40%,
625,9.50K,2021-04-01,0.8714200000000001,0.8714200000000001,0.8468700000000001,0.848,2.76%,
626,21.45K,2021-03-31,0.848,0.8624600000000001,0.8315800000000001,0.8315800000000001,1.86%,
627,30.01K,2021-03-30,0.8325500000000001,0.88834,0.8325500000000001,0.88834,-6.28%,
628,23.98K,2021-03-29,0.88834,0.88834,0.8098900000000001,0.8213900000000001,9.98%,
629,13.98K,2021-03-27,0.78488,0.8125,0.78488,0.8,-1.89%,
630,24.86K,2021-03-26,0.8,0.81996,0.76875,0.76875,4.07%,
631,9.06K,2021-03-25,0.76875,0.78166,0.7489100000000001,0.78166,-1.65%,
632,13.35K,2021-03-24,0.78166,0.7818900000000001,0.75234,0.7809800000000001,0.09%,
633,13.21K,2021-03-23,0.7809800000000001,0.8299400000000001,0.7809800000000001,0.8299400000000001,-5.90%,
634,44.54K,2021-03-22,0.8299400000000001,0.8299400000000001,0.75414,0.7562700000000001,9.74%,
635,47.28K,2021-03-21,0.7562700000000001,0.7711600000000001,0.75,0.7711600000000001,-1.93%,
636,45.04K,2021-03-20,0.7711600000000001,0.8989900000000001,0.7711600000000001,0.8989900000000001,-14.22%,
637,41.01K,2021-03-19,0.8989900000000001,0.91,0.8451000000000001,0.8451000000000001,6.38%,
638,453.81K,2021-03-18,0.8451000000000001,0.84869,0.83611,0.8435100000000001,0.19%,
639,253.32K,2021-03-17,0.8435100000000001,0.8435100000000001,0.8115500000000001,0.8258300000000001,3.19%,
640,581.89K,2021-03-16,0.8174500000000001,0.84872,0.74582,0.7694300000000001,6.24%,
641,27.55K,2021-03-15,0.7694300000000001,0.8143900000000001,0.7694300000000001,0.8143900000000001,-5.52%,
642,47.82K,2021-03-14,0.8143900000000001,0.8143900000000001,0.7115300000000001,0.7115300000000001,14.46%,
643,697.56K,2021-03-13,0.7115300000000001,0.7115300000000001,0.6186100000000001,0.6209300000000001,14.59%,
644,13.23K,2021-03-12,0.6209300000000001,0.67744,0.6209300000000001,0.67744,-8.34%,
645,347.52K,2021-03-11,0.67744,0.8258300000000001,0.65412,0.8258300000000001,-18.87%,
646,148.20K,2021-03-10,0.835,0.835,0.6306700000000001,0.6424700000000001,29.97%,
647,20.98K,2021-03-09,0.6424700000000001,0.65149,0.61307,0.63758,0.77%,
648,424.58K,2021-03-08,0.63758,0.6623500000000001,0.63758,0.6564300000000001,-2.87%,
649,70.76K,2021-03-07,0.6564300000000001,0.7000000000000001,0.65303,0.6966,-5.77%,
650,425.57K,2021-03-06,0.6966,0.9366,0.6870400000000001,0.9366,-23.45%,
651,58.96K,2021-03-05,0.91,0.91,0.6298600000000001,0.66285,37.29%,
652,39.77K,2021-03-04,0.66285,0.7522300000000001,0.66285,0.7522300000000001,-11.88%,
653,67.08K,2021-03-03,0.7522300000000001,0.7729800000000001,0.7379600000000001,0.7379600000000001,1.93%,
654,25.72K,2021-03-02,0.7379600000000001,0.81379,0.7379600000000001,0.81379,-9.32%,
655,5.22K,2021-02-23,0.58359,0.59972,0.5781400000000001,0.59972,-2.69%,
656,289.41K,2021-02-22,0.59972,0.6004700000000001,0.5997100000000001,0.6004700000000001,-0.12%,
657,224.67K,2021-02-21,0.6004700000000001,0.6053200000000001,0.5985400000000001,0.5985400000000001,0.32%,
658,160.12K,2021-02-20,0.5985400000000001,0.5985400000000001,0.58733,0.5912400000000001,1.23%,
659,202.45K,2021-02-19,0.5912400000000001,0.6127,0.5912400000000001,0.6126,-3.49%,
660,7.41K,2021-02-18,0.6126,0.6175400000000001,0.6126,0.61716,-0.74%,
661,25.96K,2021-02-17,0.61716,0.63826,0.61716,0.6235400000000001,-1.02%,
662,9.19K,2021-02-16,0.6235400000000001,0.6487400000000001,0.5594800000000001,0.5594800000000001,11.45%,
663,9.29K,2021-02-15,0.5594800000000001,0.5715600000000001,0.55356,0.5715600000000001,-2.11%,
664,98.38K,2021-02-14,0.5715600000000001,0.578,0.55176,0.5653400000000001,1.10%,
665,45.94K,2021-02-13,0.5653400000000001,0.5653400000000001,0.49263,0.523,8.10%,
666,33.27K,2021-02-12,0.523,0.523,0.46738,0.46738,11.90%,
667,48.03K,2021-02-11,0.46738,0.46802,0.45932,0.45932,1.75%,
668,15.15K,2021-02-10,0.45932,0.495,0.45932,0.48,-4.31%,
669,33.98K,2021-02-09,0.48,0.5024500000000001,0.45381,0.5024500000000001,-4.47%,
670,12.06K,2021-02-08,0.5024500000000001,0.5024500000000001,0.46192,0.46192,8.77%,
671,6.53K,2021-02-07,0.46192,0.48095,0.46192,0.48095,-3.96%,
672,17.18K,2021-02-06,0.48095,0.48095,0.47022,0.47911,0.38%,
673,15.39K,2021-02-05,0.47911,0.47911,0.4665,0.4665,2.70%,
674,103.73K,2021-02-04,0.4665,0.4665,0.43537,0.43688,7.24%,
675,10.27K,2021-02-03,0.435,0.44644,0.435,0.4425,-1.69%,
676,11.56K,2021-02-02,0.4425,0.45694,0.435,0.4554,-2.83%,
677,108.84K,2021-02-01,0.4554,0.46,0.4478,0.45557,-0.04%,
678,12.21K,2021-01-31,0.45557,0.45557,0.43866,0.43873,3.84%,
679,5.07K,2021-01-30,0.43873,0.47792,0.43873,0.46151,-4.94%,
680,10.45K,2021-01-29,0.46151,0.48027,0.4405,0.45363,1.74%,
681,19.25K,2021-01-28,0.45363,0.485,0.42896,0.42896,5.75%,
682,3.13K,2021-01-26,0.45499,0.46004,0.4475,0.4475,1.67%,
683,62.24K,2021-01-25,0.4475,0.45541,0.43342,0.43342,3.25%,
684,4.32K,2021-01-24,0.43342,0.46,0.42923,0.45237,-4.19%,
685,8.96K,2021-01-23,0.45237,0.45694,0.43181,0.43181,4.76%,
686,8.08K,2021-01-22,0.43181,0.43409,0.40398,0.42359,1.94%,
687,6.95K,2021-01-21,0.42359,0.46249,0.42359,0.46249,-8.41%,
688,10.42K,2021-01-19,0.475,0.49445,0.46171,0.46171,2.88%,
689,22.59K,2021-01-18,0.46171,0.48281,0.44166,0.44711,3.27%,
690,25.76K,2021-01-17,0.44711,0.48449,0.44416,0.4675,-4.36%,
691,11.68K,2021-01-16,0.4675,0.4725,0.45955,0.4725,-1.06%,
692,8.53K,2021-01-15,0.4725,0.49534,0.46321,0.49534,-4.61%,
693,4.61K,2021-01-14,0.49534,0.51127,0.49161,0.51127,-2.87%,
694,12.71K,2021-01-13,0.50999,0.50999,0.4675,0.5021,1.57%,
695,33.92K,2021-01-12,0.5021,0.53202,0.45934,0.46674,7.58%,
696,20.70K,2021-01-11,0.46674,0.527,0.405,0.527,-11.43%,
697,14.94K,2021-01-10,0.527,0.5807800000000001,0.52449,0.54512,-3.23%,
698,25.41K,2021-01-09,0.5445800000000001,0.5769000000000001,0.5345300000000001,0.5769000000000001,-5.60%,
699,28.53K,2021-01-08,0.5769000000000001,0.5769000000000001,0.465,0.465,24.06%,
700,18.52K,2021-01-07,0.465,0.465,0.44123,0.44123,5.24%,
701,13.14K,2021-01-06,0.44183,0.44968,0.42931,0.44763,-1.30%,
702,10.50K,2021-01-05,0.44763,0.44763,0.43176,0.43176,4.32%,
703,24.55K,2021-01-04,0.42911,0.4577,0.42911,0.44966,-5.16%,
704,24.53K,2021-01-03,0.45248,0.45248,0.42647,0.4315,4.86%,
705,22.06K,2021-01-02,0.4315,0.475,0.425,0.475,-9.16%,
706,10.04K,2021-01-01,0.475,0.4821,0.4653,0.4821,-1.47%,
707,13.82K,2020-12-31,0.4821,0.52354,0.4821,0.51576,-6.53%,
708,42.16K,2020-12-30,0.51576,0.6040800000000001,0.51576,0.57999,-11.07%,
709,39.20K,2020-12-29,0.57999,0.57999,0.46742,0.47275,22.68%,
710,14.73K,2020-12-28,0.47275,0.49135,0.45714,0.49135,-3.79%,
711,25.87K,2020-12-26,0.50612,0.5715100000000001,0.50612,0.5715100000000001,-11.44%,
712,150.56K,2020-12-25,0.5715300000000001,0.6115700000000001,0.55089,0.58647,4.81%,
713,95.08K,2020-12-24,0.5452800000000001,0.7361800000000001,0.42998,0.42998,26.82%,
714,130.43K,2020-12-22,0.5565500000000001,0.71001,0.47,0.71001,-19.12%,
715,134.86K,2020-12-21,0.68815,0.68815,0.26104,0.26104,163.62%,
716,6.26K,2020-12-20,0.26104,0.30991,0.26003,0.3039,-14.10%,
717,10.37K,2020-12-18,0.35997,0.36811,0.35405,0.3653,-1.46%,
718,26.32K,2020-12-17,0.3653,0.43152,0.3653,0.43152,-15.35%,
719,23.00K,2020-12-16,0.43152,0.49738,0.43152,0.49738,-13.24%,
720,61.15K,2020-12-15,0.49738,0.51459,0.49555,0.5052800000000001,-1.56%,
721,20.48K,2020-12-14,0.5052800000000001,0.53129,0.5052800000000001,0.53129,-4.90%,
722,28.78K,2020-12-12,0.57616,0.6024,0.5761000000000001,0.58596,-1.67%,
723,70.83K,2020-12-11,0.58596,0.7046500000000001,0.55371,0.7046500000000001,-16.84%,
724,173.22K,2020-12-09,0.7810100000000001,0.7810100000000001,0.56816,0.56816,37.46%,
725,5.08K,2020-12-08,0.56816,0.56816,0.46429,0.46539,22.08%,
726,0.17K,2020-12-07,0.46539,0.46857,0.46539,0.46857,-0.68%,
727,86.70K,2020-12-06,0.46857,0.4735,0.46857,0.4735,-1.04%,
728,1.53K,2020-12-05,0.4735,0.5002800000000001,0.47244,0.47244,0.22%,
729,1.23K,2020-12-03,0.46935,0.46935,0.46372,0.46799,0.29%,
730,0.74K,2020-12-02,0.46799,0.46799,0.46653,0.46653,0.31%,
731,0.48K,2020-12-01,0.46653,0.46653,0.4615,0.46651,0.00%,
732,0.55K,2020-11-30,0.46651,0.46653,0.46339,0.46339,0.67%,
733,0.55K,2020-11-30,0.46651,0.46653,0.46339,0.46339,0.67%,
734,0.06K,2020-11-28,0.46395,0.46999,0.46395,0.46836,-0.94%,
735,1.00K,2020-11-26,0.47216,0.48622,0.47142,0.48622,-2.89%,
736,1.81K,2020-11-25,0.48622,0.49346,0.47806,0.48265,0.74%,
737,0.61K,2020-11-23,0.4775,0.48287,0.47244,0.4801,-0.54%,
738,2.38K,2020-11-21,0.49228,0.49418,0.48088,0.48341,1.83%,
739,1.37K,2020-11-19,0.49387,0.49926,0.49387,0.49898,-1.02%,
740,1.37K,2020-11-18,0.49898,0.49898,0.49185,0.49705,0.39%,
741,54.84K,2020-11-16,0.51715,0.57059,0.48874,0.48874,5.81%,
742,1.40K,2020-11-11,0.52124,0.5998600000000001,0.52124,0.5998600000000001,-13.11%,
743,1.40K,2020-11-11,0.52124,0.5998600000000001,0.52124,0.5998600000000001,-13.11%,
744,68.60K,2020-11-09,0.52832,0.52832,0.46372,0.46935,12.56%,
745,2.44K,2020-11-07,0.46001,0.50314,0.44798,0.50304,-8.55%,
746,4.97K,2020-11-04,0.38784,0.40514,0.37936,0.38474,0.81%,
747,1.95K,2020-11-02,0.38163,0.3878,0.37933,0.37933,0.61%,
748,0.36K,2020-11-01,0.37933,0.38217,0.37655,0.37655,0.74%,
749,112.69K,2020-10-30,0.37142,0.3867,0.37142,0.37978,-2.20%,
750,1.09K,2020-10-27,0.40006,0.41221,0.40006,0.41155,-2.79%,
751,102.05K,2020-10-26,0.41155,0.42202,0.41155,0.41224,-0.17%,
752,26.17K,2020-10-24,0.40946,0.43265,0.39691,0.39691,3.16%,
753,0.55K,2020-10-22,0.53122,0.54261,0.51715,0.51715,2.72%,
754,2.14K,2020-10-20,0.57132,0.6004900000000001,0.57132,0.6004900000000001,-4.86%,
755,52.18K,2020-10-19,0.6004900000000001,0.62714,0.6004900000000001,0.6233500000000001,-3.67%,
756,87.77K,2020-10-17,0.5936,0.6189,0.5936,0.6189,-4.09%,
757,50.09K,2020-10-15,0.60262,0.60262,0.58631,0.59177,1.83%,
758,33.74K,2020-10-12,0.58091,0.5863400000000001,0.56079,0.56079,3.59%,
759,0.26K,2020-10-11,0.56079,0.5999800000000001,0.56079,0.5999800000000001,-6.53%,
760,0.84K,2020-10-09,0.51114,0.6034,0.51114,0.57757,-11.50%,
761,7.15K,2020-10-07,0.5431400000000001,0.5431400000000001,0.49674,0.5252800000000001,3.40%,
762,2.69K,2020-10-05,0.46153,0.46372,0.45248,0.46063,0.20%,
763,1.22K,2020-10-04,0.46063,0.51714,0.46063,0.47832,-3.70%,
764,18.98K,2020-10-02,0.43853,0.649,0.35762,0.36591,19.85%,
765,8.82K,2020-09-30,0.42881,0.42881,0.42203,0.42203,1.61%,
766,3.16K,2020-09-29,0.42203,0.42542,0.41592,0.41734,1.12%,
767,87.53K,2020-09-27,0.44576,0.44576,0.34155,0.34472,28.03%,
768,3.78K,2020-09-23,0.3,0.33712,0.3,0.32312,-7.16%,
769,28.04K,2020-09-21,0.32046,0.44,0.27,0.44,-27.17%,
770,98.57K,2020-09-15,0.21294,0.21993,0.20897,0.20897,1.90%,
771,69.61K,2020-09-08,0.1918,0.19939,0.18279,0.18289,4.87%,
772,78.64K,2020-09-05,0.1742,0.18279,0.1742,0.18279,-4.70%,
773,9.67K,2020-09-03,0.17772,0.22296,0.17772,0.21329,-16.68%,
774,92.03K,2020-08-31,0.20422,0.21292,0.19846,0.19846,2.90%,
775,272.72K,2020-08-29,0.2175,0.21913,0.2166,0.21913,-0.74%,
776,163.69K,2020-08-27,0.22855,0.25968,0.22855,0.25968,-11.99%,
777,87.00K,2020-08-25,0.28202,0.29779,0.27777,0.29779,-5.30%,
778,214.79K,2020-08-22,0.33956,0.34249,0.33183,0.34249,-0.86%,
779,246.17K,2020-08-19,0.48621,0.48621,0.18121,0.18121,168.31%,
780,442.38K,2020-08-17,0.16997,0.16997,0.15711,0.15829,7.38%,
781,81.56K,2020-08-15,0.16253,0.16961,0.16253,0.16944,-4.08%,
782,400.91K,2020-08-11,0.16,0.16,0.15071,0.15071,6.16%,
783,361.22K,2020-08-10,0.15071,0.15585,0.15071,0.15479,-2.64%,
784,305.95K,2020-08-07,0.15012,0.15556,0.15012,0.15212,-1.31%,
785,396.09K,2020-08-05,0.1502,0.15393,0.1502,0.15393,-2.42%,
786,324.57K,2020-08-03,0.16266,0.1667,0.1581,0.1667,-2.42%,
787,275.64K,2020-08-01,0.17748,0.18323,0.17197,0.18323,-3.14%,
788,355.27K,2020-07-30,0.15353,0.1536,0.14363,0.15261,0.33%,
789,139.67K,2020-07-28,0.15102,0.16302,0.15102,0.16302,-7.36%,
790,385.20K,2020-07-27,0.16302,0.16911,0.16244,0.16274,0.17%,
791,358.78K,2020-07-26,0.16274,0.18822,0.162,0.18822,-13.97%,
792,323.07K,2020-07-22,0.2576,0.2576,0.15615,0.19341,33.19%,
793,52.39K,2020-07-21,0.19341,0.19341,0.16906,0.16914,14.35%,
794,5.89K,2020-07-20,0.16914,0.17503,0.16914,0.17413,-2.87%,
795,69.48K,2020-07-18,0.17226,0.18106,0.17223,0.17689,-2.63%,
796,93.45K,2020-07-17,0.17691,0.19451,0.17249,0.17359,1.91%,
797,68.08K,2020-07-16,0.17359,0.18729,0.17339,0.18729,-7.31%,
798,11.70K,2020-07-15,0.18729,0.19202,0.18481,0.19197,-2.44%,
799,91.82K,2020-07-13,0.18375,0.19209,0.16936,0.19209,-4.34%,
800,94.75K,2020-07-12,0.19209,0.19369,0.18323,0.19302,-0.33%,
801,80.29K,2020-07-11,0.19273,0.19273,0.16616,0.16878,14.19%,
802,8.74K,2020-07-10,0.16878,0.16878,0.16018,0.1669,1.13%,
803,4.09K,2020-07-09,0.1669,0.17121,0.164,0.17121,-3.43%,
804,56.30K,2020-07-07,0.18511,0.20383,0.17783,0.20383,-9.18%,
805,1.99K,2020-07-06,0.20383,0.20383,0.19966,0.20169,1.06%,
806,8.79K,2020-07-05,0.20169,0.206,0.19996,0.206,-2.09%,
807,12.17K,2020-07-04,0.206,0.21975,0.1791,0.21868,-5.80%,
808,7.91K,2020-07-03,0.21868,0.221,0.21642,0.21886,-0.08%,
809,28.74K,2020-07-02,0.21886,0.22197,0.2163,0.22152,-1.20%,
810,27.24K,2020-07-01,0.22152,0.22496,0.21501,0.21791,1.64%,
811,26.61K,2020-06-30,0.21794,0.22591,0.21152,0.22121,-1.48%,
812,28.07K,2020-06-29,0.22121,0.22562,0.21056,0.21567,2.57%,
813,32.65K,2020-06-28,0.21567,0.22074,0.21057,0.21808,-1.10%,
814,37.11K,2020-06-27,0.21806,0.25,0.21508,0.22073,-1.21%,
815,28.75K,2020-06-26,0.22073,0.22854,0.21487,0.22813,-3.24%,
816,29.40K,2020-06-25,0.22813,0.24896,0.22591,0.24075,-5.21%,
817,27.56K,2020-06-24,0.24067,0.24997,0.2281,0.24031,0.15%,
818,27.86K,2020-06-23,0.24031,0.24999,0.2314,0.23521,2.24%,
819,29.82K,2020-06-22,0.23504,0.24078,0.22797,0.23797,-1.28%,
820,26.18K,2020-06-21,0.23809,0.24058,0.23001,0.23218,2.55%,
821,28.41K,2020-06-20,0.23218,0.2448,0.23,0.23077,0.47%,
822,31.05K,2020-06-19,0.2311,0.25,0.2216,0.24773,-6.71%,
823,28.72K,2020-06-18,0.24773,0.27387,0.23416,0.26448,-6.33%,
824,11.23K,2020-06-17,0.26448,0.27867,0.23416,0.26905,-1.70%,
825,5.04K,2020-06-16,0.26905,0.28343,0.25,0.27387,-1.76%,
826,9.35K,2020-06-15,0.27387,0.33175,0.2501,0.26382,3.81%,
827,2.53K,2020-06-14,0.26382,0.27867,0.25,0.25635,2.91%,
828,3.23K,2020-06-13,0.25635,0.28819,0.2501,0.26,-1.40%,
829,1.41K,2020-06-12,0.26,0.26908,0.25004,0.26563,-2.12%,
830,1.38K,2020-06-11,0.26563,0.286,0.26001,0.286,-7.12%,
831,15.86K,2020-06-10,0.286,0.28819,0.27335,0.27478,4.08%,
832,11.34K,2020-06-09,0.27478,0.30033,0.25,0.26674,3.01%,
833,51.38K,2020-06-08,0.26674,0.31061,0.2667,0.281,-5.07%,
834,36.03K,2020-06-07,0.281,0.29494,0.26192,0.29337,-4.21%,
835,55.93K,2020-06-06,0.29336,0.30034,0.2903,0.29502,-1.48%,
836,59.52K,2020-06-05,0.29778,0.30032,0.29502,0.29719,0.20%,
837,60.82K,2020-06-04,0.29719,0.3009,0.28001,0.30079,-1.08%,
838,68.93K,2020-06-02,0.32596,0.3787,0.2737,0.3787,-13.93%,
839,64.25K,2020-06-01,0.3787,0.41592,0.27497,0.28168,34.44%,
840,17.34K,2020-05-31,0.28168,0.32676,0.2614,0.32056,-12.13%,
841,15.06K,2020-05-30,0.32056,0.33645,0.3205,0.33051,-3.01%,
842,15.77K,2020-05-29,0.33051,0.34443,0.30062,0.34443,-4.04%,
843,19.50K,2020-05-28,0.34443,0.37898,0.30745,0.37292,-7.64%,
844,34.56K,2020-05-27,0.37292,0.45,0.33437,0.4295,-13.17%,
845,33.90K,2020-05-26,0.4295,0.515,0.2968,0.38502,11.55%,
846,64.45K,2020-05-25,0.38502,0.54912,0.2619,0.35967,7.05%,
847,44.09K,2020-05-24,0.35967,0.59999,0.21033,0.21048,70.87%,
848,16.65K,2020-05-23,0.21049,0.23498,0.2103,0.22745,-7.46%,
849,15.32K,2020-05-22,0.22745,0.25012,0.21,0.2319,-1.92%,
850,13.68K,2020-05-21,0.2319,0.25626,0.21,0.24083,-3.71%,
851,19.69K,2020-05-20,0.24083,0.27909,0.225,0.26897,-12.02%,
852,17.69K,2020-05-19,0.27373,0.28873,0.25796,0.27606,-0.84%,
853,19.49K,2020-05-18,0.27606,0.28944,0.22851,0.28368,-3.83%,
854,29.31K,2020-05-17,0.28705,0.29699,0.22,0.2741,4.72%,
855,20.54K,2020-05-16,0.2741,0.33981,0.21225,0.32302,-15.14%,
856,2.88K,2020-05-15,0.32302,0.36405,0.32,0.32912,-1.85%,
857,5.14K,2020-05-14,0.32912,0.387,0.32885,0.35967,-8.49%,
858,25.30K,2020-05-13,0.35967,0.35967,0.291,0.31366,14.67%,
859,48.17K,2020-05-12,0.31366,0.42098,0.27562,0.41036,-23.52%,
860,20.16K,2020-05-11,0.41013,0.56,0.37,0.4459,-8.02%,
861,18.67K,2020-05-10,0.4459,0.57059,0.35521,0.36788,21.27%,
862,14.17K,2020-05-09,0.3677,0.40247,0.36405,0.40214,-8.62%,
863,14.16K,2020-05-08,0.4024,0.4048,0.39981,0.40325,-0.21%,
864,14.12K,2020-05-07,0.40326,0.40944,0.40325,0.40906,-1.45%,
865,14.85K,2020-05-06,0.40919,0.41163,0.36405,0.36741,11.36%,
866,14.44K,2020-05-05,0.36746,0.40519,0.36405,0.39993,-8.12%,
867,14.29K,2020-05-04,0.39992,0.41933,0.38896,0.41709,-4.23%,
868,16.78K,2020-05-03,0.41758,0.49691,0.37796,0.4968,-15.95%,
869,14.04K,2020-05-02,0.4968,0.4988,0.49594,0.49785,-0.22%,
870,14.94K,2020-05-01,0.49791,0.54234,0.44166,0.54201,-8.18%,
871,6.95K,2020-04-30,0.54224,0.60248,0.48202,0.48202,12.49%,
872,24.48K,2020-04-29,0.48202,0.64878,0.48002,0.5854100000000001,-17.66%,
873,68.02K,2020-04-27,0.43033,0.53,0.3,0.52773,-18.46%,
874,112.98K,2020-04-26,0.52773,0.5747300000000001,0.43503,0.48273,9.32%,
875,94.68K,2020-04-25,0.48273,0.48989,0.34596,0.48294,-0.04%,
876,151.43K,2020-04-24,0.48294,0.48988,0.44441,0.48657,-0.81%,
877,119.52K,2020-04-23,0.48688,0.52692,0.44443,0.4474,8.81%,
878,202.93K,2020-04-22,0.44747,0.5186900000000001,0.42026,0.51531,-13.17%,
879,104.79K,2020-04-21,0.51534,0.5212,0.51112,0.5133500000000001,0.12%,
880,97.84K,2020-04-20,0.5147400000000001,0.54522,0.50748,0.53652,-4.06%,
881,109.59K,2020-04-19,0.5365300000000001,0.54979,0.53151,0.5490700000000001,-2.27%,
882,137.21K,2020-04-18,0.54901,0.5523,0.52736,0.52736,3.92%,
883,134.78K,2020-04-17,0.5282800000000001,0.53512,0.5247200000000001,0.53291,-0.85%,
884,129.17K,2020-04-16,0.53281,0.5377500000000001,0.48477,0.49521,7.61%,
885,134.39K,2020-04-15,0.49512,0.51658,0.49465,0.5120600000000001,-3.33%,
886,139.84K,2020-04-14,0.51217,0.52317,0.50839,0.5148400000000001,-0.50%,
887,165.47K,2020-04-13,0.51476,0.51493,0.51381,0.5148,-0.01%,
888,169.48K,2020-04-12,0.5147900000000001,0.5158900000000001,0.51468,0.5148900000000001,-0.01%,
889,165.56K,2020-04-11,0.5148600000000001,0.51932,0.5111600000000001,0.5122500000000001,0.48%,
890,163.13K,2020-04-10,0.5123800000000001,0.5484100000000001,0.49099,0.54718,-6.38%,
891,203.80K,2020-04-09,0.54727,0.5551900000000001,0.53532,0.5532600000000001,-1.02%,
892,189.45K,2020-04-08,0.5529200000000001,0.55749,0.53144,0.53452,3.53%,
893,150.48K,2020-04-07,0.5340900000000001,0.5594300000000001,0.52595,0.5464100000000001,-2.28%,
894,136.97K,2020-04-06,0.5465500000000001,0.54722,0.49578,0.49608,10.17%,
895,136.16K,2020-04-05,0.49611,0.5046700000000001,0.48932,0.50271,-1.35%,
896,135.37K,2020-04-04,0.5029,0.50754,0.48917,0.49385,1.86%,
897,136.28K,2020-04-03,0.49373,0.5128600000000001,0.4848,0.49643,-0.52%,
898,198.94K,2020-04-02,0.4963,0.5256700000000001,0.48093,0.48323,2.58%,
899,204.90K,2020-04-01,0.48384,0.4855,0.45076,0.47021,2.92%,
900,176.93K,2020-03-31,0.47009,0.47524,0.46444,0.4687,-0.07%,
901,167.88K,2020-03-30,0.47041,0.479,0.43269,0.43304,8.57%,
902,185.96K,2020-03-29,0.43327,0.4616,0.4331,0.46009,-5.85%,
903,203.84K,2020-03-28,0.46018,0.46527,0.44506,0.46526,-1.26%,
904,170.88K,2020-03-27,0.46604,0.49874,0.46346,0.49154,-5.19%,
905,155.55K,2020-03-26,0.49157,0.49271,0.47491,0.48396,1.76%,
906,142.12K,2020-03-25,0.48306,0.50444,0.4687,0.49096,-1.61%,
907,138.10K,2020-03-24,0.49207,0.50504,0.46658,0.47301,4.06%,
908,132.22K,2020-03-24,0.49096,0.50504,0.46658,0.47301,3.82%,
909,188.48K,2020-03-20,0.45637,0.50736,0.42242,0.45827,-0.38%,
910,191.66K,2020-03-18,0.39925,0.41788,0.3816,0.40647,-1.68%,
911,144.46K,2020-03-16,0.37658,0.41291,0.34127,0.41285,-8.80%,
912,128.23K,2020-03-14,0.40184,0.42805,0.39596,0.42295,-5.10%,
913,224.91K,2020-03-12,0.35186,0.6036400000000001,0.35169,0.60177,-41.53%,
914,115.65K,2020-03-11,0.60177,0.60877,0.5753900000000001,0.60253,-0.11%,
915,71.92K,2020-03-09,0.6084400000000001,0.70159,0.56852,0.69862,-12.92%,
916,85.70K,2020-03-08,0.69872,0.7016100000000001,0.69003,0.69823,0.03%,
917,93.37K,2020-03-07,0.69854,0.70682,0.66744,0.70125,-0.36%,
918,112.12K,2020-03-05,0.6913400000000001,0.7011400000000001,0.6661400000000001,0.6726200000000001,2.78%,
919,118.02K,2020-03-04,0.6726200000000001,0.68149,0.6570900000000001,0.67166,0.15%,
920,118.85K,2020-03-03,0.67159,0.6856300000000001,0.6623600000000001,0.6853400000000001,-1.98%,
921,116.02K,2020-03-02,0.68515,0.6883100000000001,0.6339400000000001,0.65142,5.16%,
922,129.51K,2020-03-01,0.65151,0.66532,0.6445700000000001,0.6636500000000001,-1.83%,
923,120.73K,2020-02-29,0.66364,0.6887,0.65349,0.6633100000000001,-2.31%,
924,99.95K,2020-02-28,0.6793600000000001,0.68378,0.6286200000000001,0.6743,0.76%,
925,112.38K,2020-02-27,0.67425,0.6888200000000001,0.6651900000000001,0.6871600000000001,-1.89%,
926,110.96K,2020-02-26,0.6872400000000001,0.72865,0.6853800000000001,0.72204,-4.80%,
927,86.90K,2020-02-25,0.7218600000000001,0.7580600000000001,0.7201000000000001,0.75463,-4.32%,
928,102.32K,2020-02-24,0.75443,0.79844,0.74345,0.7958700000000001,-5.20%,
929,115.79K,2020-02-23,0.7957900000000001,0.79598,0.76204,0.76214,4.40%,
930,113.71K,2020-02-22,0.76226,0.7697,0.75246,0.7670800000000001,-0.61%,
931,97.83K,2020-02-21,0.76695,0.7758600000000001,0.7528900000000001,0.7558,1.53%,
932,99.46K,2020-02-20,0.7553900000000001,0.7665700000000001,0.7332900000000001,0.7579100000000001,-0.30%,
933,155.27K,2020-02-19,0.7577,0.82925,0.74528,0.81588,-7.14%,
934,105.75K,2020-02-18,0.81598,0.82428,0.7626700000000001,0.7796900000000001,4.66%,
935,76.98K,2020-02-17,0.7796500000000001,0.78976,0.7391800000000001,0.78641,-0.99%,
936,82.81K,2020-02-16,0.78744,0.8204400000000001,0.7365400000000001,0.8000900000000001,-1.56%,
937,93.36K,2020-02-15,0.7999400000000001,0.8624900000000001,0.79224,0.8585400000000001,-6.81%,
938,49.19K,2020-02-14,0.8584100000000001,0.8588300000000001,0.8200500000000001,0.83428,2.90%,
939,83.18K,2020-02-13,0.8342100000000001,0.8547,0.8160900000000001,0.8364900000000001,-0.34%,
940,94.92K,2020-02-12,0.83708,0.83964,0.80693,0.80693,3.68%,
941,95.86K,2020-02-11,0.80737,0.8102,0.75714,0.77066,4.65%,
942,104.43K,2020-02-10,0.7714700000000001,0.7895000000000001,0.7579300000000001,0.78842,-2.14%,
943,272.69K,2020-02-09,0.7883800000000001,0.7889100000000001,0.7628600000000001,0.7655200000000001,2.99%,
944,182.49K,2020-02-08,0.7655200000000001,0.7693800000000001,0.7357600000000001,0.7549300000000001,1.40%,
945,133.51K,2020-02-07,0.75497,0.75529,0.7428400000000001,0.7428400000000001,1.06%,
946,230.69K,2020-02-06,0.7470800000000001,0.7553000000000001,0.71762,0.73721,1.34%,
947,218.46K,2020-02-05,0.7371700000000001,0.7442500000000001,0.69693,0.69784,5.66%,
948,105.54K,2020-02-04,0.6976800000000001,0.7154,0.69242,0.7031200000000001,-0.78%,
949,154.31K,2020-02-03,0.7031900000000001,0.7154,0.6989700000000001,0.71299,-1.36%,
950,136.96K,2020-02-02,0.7129200000000001,0.71735,0.68635,0.70479,1.13%,
951,131.70K,2020-02-01,0.70494,0.70891,0.6950400000000001,0.6973,1.09%,
952,121.22K,2020-01-31,0.6973100000000001,0.71342,0.6851700000000001,0.71203,-2.09%,
953,122.09K,2020-01-30,0.7121700000000001,0.7163200000000001,0.68381,0.69008,3.22%,
954,101.95K,2020-01-29,0.6899400000000001,0.70042,0.6879200000000001,0.69732,-1.08%,
955,125.85K,2020-01-28,0.6974800000000001,0.69793,0.6637900000000001,0.66393,5.05%,
956,111.57K,2020-01-27,0.6639200000000001,0.6710900000000001,0.64012,0.64204,3.39%,
957,106.87K,2020-01-26,0.6421300000000001,0.6422300000000001,0.6149600000000001,0.6193700000000001,3.67%,
958,124.09K,2020-01-25,0.6193700000000001,0.62748,0.61226,0.6273500000000001,-1.19%,
959,143.35K,2020-01-24,0.62683,0.6335400000000001,0.60951,0.62521,0.16%,
960,142.97K,2020-01-23,0.6258,0.64973,0.61616,0.64931,-3.64%,
961,158.59K,2020-01-22,0.6494300000000001,0.6587900000000001,0.64368,0.6538200000000001,-0.65%,
962,128.14K,2020-01-21,0.65371,0.6566200000000001,0.63643,0.64532,1.31%,
963,128.48K,2020-01-20,0.64524,0.6541600000000001,0.63183,0.64824,-0.41%,
964,149.40K,2020-01-19,0.6478700000000001,0.68144,0.63234,0.66264,-2.24%,
965,133.48K,2020-01-18,0.66269,0.6739700000000001,0.6528600000000001,0.6650600000000001,-0.35%,
966,115.71K,2020-01-17,0.66503,0.67264,0.64376,0.6494,2.33%,
967,121.17K,2020-01-16,0.6498600000000001,0.6593100000000001,0.63388,0.65632,-0.93%,
968,138.84K,2020-01-15,0.65597,0.6658400000000001,0.63466,0.6581400000000001,-0.30%,
969,162.76K,2020-01-14,0.65795,0.66385,0.5861900000000001,0.5861900000000001,12.20%,
970,177.47K,2020-01-13,0.5864100000000001,0.5932000000000001,0.58159,0.59245,-0.95%,
971,176.80K,2020-01-12,0.59201,0.5921000000000001,0.5758500000000001,0.57938,2.17%,
972,157.62K,2020-01-11,0.5794400000000001,0.5981700000000001,0.5761000000000001,0.5901500000000001,-1.70%,
973,139.99K,2020-01-10,0.5894600000000001,0.58989,0.5509900000000001,0.56016,5.16%,
974,126.47K,2020-01-09,0.56055,0.5744100000000001,0.5535300000000001,0.57369,-2.32%,
975,119.02K,2020-01-08,0.5738800000000001,0.6032700000000001,0.56305,0.5836,-1.72%,
976,122.50K,2020-01-07,0.58394,0.58657,0.55711,0.56386,3.52%,
977,166.07K,2020-01-06,0.5640900000000001,0.5652900000000001,0.53054,0.5313100000000001,6.14%,
978,163.65K,2020-01-05,0.53144,0.5403800000000001,0.51693,0.5302,0.24%,
979,219.93K,2020-01-04,0.53017,0.53266,0.52422,0.5282800000000001,0.49%,
980,277.10K,2020-01-03,0.52756,0.53212,0.49445,0.49984,5.53%,
981,245.87K,2020-01-02,0.4999,0.51775,0.49815,0.51668,-3.23%,
982,130.82K,2020-01-01,0.5166000000000001,0.52124,0.51366,0.5147900000000001,0.32%,
983,130.29K,2019-12-31,0.51493,0.5260600000000001,0.51205,0.5200800000000001,-0.98%,
984,153.71K,2019-12-30,0.5200400000000001,0.5328700000000001,0.51793,0.53171,-2.28%,
985,154.05K,2019-12-29,0.5321600000000001,0.5410400000000001,0.52119,0.5227200000000001,1.83%,
986,153.02K,2019-12-28,0.52259,0.5268400000000001,0.5176000000000001,0.5182300000000001,0.90%,
987,169.94K,2019-12-27,0.51793,0.5187900000000001,0.5051800000000001,0.5136000000000001,0.82%,
988,178.97K,2019-12-26,0.5137,0.5308200000000001,0.51058,0.51244,0.24%,
989,149.93K,2019-12-25,0.5124700000000001,0.5182300000000001,0.50695,0.51781,-1.07%,
990,151.29K,2019-12-24,0.51802,0.5281800000000001,0.51124,0.5219900000000001,-0.76%,
991,144.47K,2019-12-23,0.522,0.5473600000000001,0.51756,0.5364,-2.64%,
992,152.60K,2019-12-22,0.53613,0.53669,0.5101100000000001,0.51088,4.91%,
993,144.12K,2019-12-21,0.5110600000000001,0.51526,0.50915,0.5151800000000001,-0.76%,
994,160.20K,2019-12-20,0.5149600000000001,0.5178200000000001,0.50634,0.51156,0.64%,
995,170.10K,2019-12-18,0.52114,0.5283500000000001,0.46223,0.47628,9.42%,
996,141.60K,2019-12-17,0.47629,0.50251,0.4733,0.49988,-4.82%,
997,140.63K,2019-12-16,0.50039,0.5233,0.49709,0.52095,-3.90%,
998,142.71K,2019-12-15,0.5206900000000001,0.52449,0.5131100000000001,0.5175500000000001,0.61%,
999,160.53K,2019-12-14,0.51753,0.5314500000000001,0.51488,0.5302,-2.40%,
1000,165.15K,2019-12-13,0.5302300000000001,0.53317,0.52498,0.5257900000000001,0.83%,
1001,148.12K,2019-12-12,0.5258400000000001,0.53052,0.5189,0.52644,-0.09%,
1002,141.66K,2019-12-11,0.5263300000000001,0.5317700000000001,0.52102,0.5283100000000001,-0.36%,
1003,144.71K,2019-12-10,0.52822,0.5400900000000001,0.52449,0.5372,-1.72%,
1004,134.36K,2019-12-09,0.53744,0.55569,0.53371,0.55112,-2.44%,
1005,120.59K,2019-12-08,0.55088,0.55386,0.54063,0.54759,0.61%,
1006,117.33K,2019-12-07,0.54752,0.55667,0.5465500000000001,0.5509700000000001,-0.66%,
1007,117.43K,2019-12-06,0.55113,0.55261,0.53517,0.5410200000000001,1.85%,
1008,119.80K,2019-12-05,0.5411,0.54606,0.52561,0.5276700000000001,2.53%,
1009,140.53K,2019-12-04,0.52775,0.56186,0.5215000000000001,0.5354,-1.43%,
1010,130.24K,2019-12-03,0.5353800000000001,0.54369,0.5320600000000001,0.5373800000000001,-0.38%,
1011,112.83K,2019-12-02,0.53741,0.54659,0.52795,0.5455,-1.48%,
1012,112.97K,2019-12-01,0.5454600000000001,0.55472,0.53264,0.55447,-1.63%,
1013,122.46K,2019-11-30,0.5545,0.57154,0.54752,0.56899,-2.51%,
1014,156.49K,2019-11-29,0.5688,0.5756600000000001,0.5450200000000001,0.54595,4.19%,
1015,163.47K,2019-11-28,0.5459,0.55676,0.5416300000000001,0.55289,-1.27%,
1016,127.86K,2019-11-27,0.5529400000000001,0.56274,0.50683,0.52825,4.65%,
1017,135.02K,2019-11-26,0.5283500000000001,0.53985,0.5184300000000001,0.5245700000000001,0.66%,
1018,178.09K,2019-11-25,0.5248700000000001,0.54151,0.4831,0.51007,2.94%,
1019,140.90K,2019-11-24,0.50988,0.5432600000000001,0.50753,0.5415,-5.86%,
1020,126.73K,2019-11-23,0.54161,0.54361,0.5223300000000001,0.5368900000000001,0.85%,
1021,167.17K,2019-11-22,0.5370400000000001,0.5690900000000001,0.50222,0.56457,-4.86%,
1022,149.72K,2019-11-21,0.56445,0.60167,0.5529200000000001,0.5992900000000001,-5.81%,
1023,118.48K,2019-11-20,0.59926,0.6075,0.59431,0.6029,-0.61%,
1024,137.51K,2019-11-19,0.6029500000000001,0.60945,0.59391,0.6073500000000001,-0.73%,
1025,122.81K,2019-11-18,0.60736,0.63431,0.60052,0.63431,-4.27%,
1026,117.18K,2019-11-17,0.63443,0.6409600000000001,0.6228800000000001,0.63163,0.46%,
1027,117.81K,2019-11-16,0.6315500000000001,0.63299,0.62785,0.6290300000000001,0.41%,
1028,139.64K,2019-11-15,0.6289800000000001,0.65041,0.6226700000000001,0.6425900000000001,-2.10%,
1029,111.25K,2019-11-14,0.6424700000000001,0.65341,0.6383300000000001,0.6519400000000001,-1.45%,
1030,112.01K,2019-11-13,0.6519100000000001,0.6545000000000001,0.64754,0.65373,-0.25%,
1031,112.34K,2019-11-12,0.6535500000000001,0.6568,0.63861,0.64793,0.88%,
1032,129.78K,2019-11-11,0.6478600000000001,0.6728700000000001,0.6425900000000001,0.6710400000000001,-3.47%,
1033,122.20K,2019-11-10,0.6711400000000001,0.67366,0.6497700000000001,0.6541300000000001,2.62%,
1034,128.96K,2019-11-09,0.6539900000000001,0.65768,0.6469400000000001,0.64983,0.66%,
1035,139.57K,2019-11-08,0.64971,0.68261,0.6427200000000001,0.67854,-4.22%,
1036,119.00K,2019-11-07,0.67837,0.6944300000000001,0.6722300000000001,0.6926800000000001,-2.08%,
1037,116.43K,2019-11-06,0.6927700000000001,0.6982,0.68603,0.6880400000000001,0.70%,
1038,119.39K,2019-11-05,0.6879400000000001,0.6973100000000001,0.67781,0.6910000000000001,-0.45%,
1039,108.27K,2019-11-04,0.6910700000000001,0.69889,0.6680100000000001,0.6692100000000001,3.25%,
1040,108.32K,2019-11-03,0.6693300000000001,0.67135,0.6680100000000001,0.67,-0.06%,
1041,121.82K,2019-11-02,0.66973,0.6724500000000001,0.66744,0.6689,0.10%,
1042,130.52K,2019-11-01,0.6690600000000001,0.67212,0.6661400000000001,0.67164,-0.46%,
1043,117.08K,2019-10-31,0.67212,0.6800700000000001,0.66656,0.67308,-0.22%,
1044,107.73K,2019-10-30,0.67357,0.6941900000000001,0.6641,0.6931600000000001,-2.88%,
1045,100.81K,2019-10-29,0.6935600000000001,0.69762,0.6717200000000001,0.67488,2.75%,
1046,118.13K,2019-10-28,0.675,0.7217800000000001,0.6749900000000001,0.6953400000000001,-2.93%,
1047,121.27K,2019-10-27,0.69537,0.7113,0.6627700000000001,0.6728200000000001,3.24%,
1048,152.74K,2019-10-26,0.6735300000000001,0.7445200000000001,0.6404200000000001,0.6409600000000001,5.08%,
1049,151.60K,2019-10-25,0.6409400000000001,0.6466400000000001,0.55198,0.55406,15.62%,
1050,130.26K,2019-10-24,0.5543600000000001,0.56277,0.54703,0.5566800000000001,-0.41%,
1051,144.02K,2019-10-23,0.55666,0.60248,0.54198,0.59709,-6.78%,
1052,152.87K,2019-10-22,0.59716,0.61726,0.59628,0.61045,-2.20%,
1053,127.90K,2019-10-21,0.61058,0.61721,0.6042500000000001,0.60824,0.38%,
1054,141.38K,2019-10-20,0.60824,0.6171300000000001,0.58462,0.5894600000000001,3.18%,
1055,129.16K,2019-10-19,0.58947,0.6000700000000001,0.58813,0.5928300000000001,-0.57%,
1056,144.36K,2019-10-18,0.59287,0.60923,0.5813400000000001,0.6018800000000001,-1.51%,
1057,130.36K,2019-10-17,0.6019800000000001,0.62119,0.59553,0.6117900000000001,-1.55%,
1058,133.70K,2019-10-16,0.6114700000000001,0.62114,0.59423,0.61821,-0.76%,
1059,112.94K,2019-10-15,0.61617,0.61943,0.6134000000000001,0.6177600000000001,-0.24%,
1060,106.42K,2019-10-14,0.61767,0.6178400000000001,0.6096900000000001,0.6118600000000001,0.94%,
1061,124.92K,2019-10-13,0.61194,0.62133,0.60548,0.6068600000000001,0.76%,
1062,123.68K,2019-10-12,0.6073200000000001,0.62007,0.60299,0.6030300000000001,0.61%,
1063,123.60K,2019-10-11,0.60365,0.63932,0.60353,0.63568,-5.06%,
1064,108.63K,2019-10-10,0.6357900000000001,0.63758,0.6257600000000001,0.6305900000000001,0.61%,
1065,121.66K,2019-10-09,0.6319600000000001,0.6422100000000001,0.59518,0.6010500000000001,5.12%,
1066,135.98K,2019-10-08,0.60118,0.6169600000000001,0.59609,0.6078300000000001,-1.09%,
1067,126.15K,2019-10-07,0.60782,0.61273,0.5781900000000001,0.5791700000000001,4.92%,
1068,122.04K,2019-10-06,0.5793200000000001,0.59728,0.57764,0.5968300000000001,-2.92%,
1069,118.62K,2019-10-05,0.59675,0.59784,0.58796,0.59682,-0.03%,
1070,128.21K,2019-10-04,0.5969,0.6033700000000001,0.59143,0.60313,-1.03%,
1071,132.56K,2019-10-03,0.60309,0.6112500000000001,0.5946,0.60667,-0.59%,
1072,118.91K,2019-10-02,0.6066600000000001,0.6104900000000001,0.5996,0.60858,-0.34%,
1073,120.18K,2019-10-01,0.6087300000000001,0.61706,0.60526,0.60709,0.25%,
1074,107.47K,2019-09-30,0.60724,0.6107100000000001,0.5682400000000001,0.5880500000000001,3.30%,
