,volume,timestamp,price,high,low,open,change
0,19.70M,1662552000,0.037180000000000005,0.0385,0.035160000000000004,0.036840000000000005,0.92%
1,19.70M,1662552000,0.037180000000000005,0.0385,0.035160000000000004,0.036840000000000005,0.92%
2,18.96M,1662465600,0.036840000000000005,0.040870000000000004,0.0367,0.039150000000000004,-5.90%
3,18.96M,1662465600,0.036840000000000005,0.040870000000000004,0.0367,0.039150000000000004,-5.90%
4,21.20M,1662379200,0.039150000000000004,0.04102,0.035440000000000006,0.03742,4.62%
5,21.20M,1662379200,0.039150000000000004,0.04102,0.035440000000000006,0.03742,4.62%
6,19.12M,1662292800,0.03742,0.038650000000000004,0.0366,0.037200000000000004,0.48%
7,23.08M,1662206400,0.03724,0.04059,0.0367,0.038470000000000004,-3.52%
8,35.00M,1662120000,0.0386,0.0585,0.03535,0.03674,4.89%
9,35.00M,1662120000,0.0386,0.0585,0.03535,0.03674,4.89%
10,19.27M,1662033600,0.0368,0.040220000000000006,0.03542,0.0367,0.27%
11,19.27M,1662033600,0.0368,0.040220000000000006,0.03542,0.0367,0.27%
12,5.35M,1661947200,0.0367,0.037660000000000006,0.03501,0.037430000000000005,-1.95%
13,5.35M,1661947200,0.0367,0.037660000000000006,0.03501,0.037430000000000005,-1.95%
14,6.55M,1661860800,0.037430000000000005,0.040600000000000004,0.0356,0.039950000000000006,-6.31%
15,13.17M,1661774400,0.039950000000000006,0.040330000000000005,0.03801,0.0386,3.50%
16,12.30M,1661688000,0.0386,0.045,0.03563,0.03642,5.99%
17,573.24K,1661601600,0.03642,0.039310000000000005,0.03456,0.036680000000000004,-1.06%
18,627.31K,1661515200,0.03681,0.03914,0.03674,0.03891,-5.40%
19,11.58M,1661428800,0.03891,0.04215000000000001,0.038900000000000004,0.03968,-1.94%
20,18.95M,1661342400,0.03968,0.043030000000000006,0.03948,0.041960000000000004,-5.43%
21,20.29M,1661256000,0.041960000000000004,0.046680000000000006,0.0398,0.040100000000000004,4.64%
22,19.74M,1661169600,0.040100000000000004,0.04336,0.040080000000000005,0.042620000000000005,-5.91%
23,21.23M,1661083200,0.042620000000000005,0.052000000000000005,0.04095,0.04306,-1.02%
24,21.23M,1661083200,0.042620000000000005,0.052000000000000005,0.04095,0.04306,-1.02%
25,12.23M,1660996800,0.04306,0.04648,0.039420000000000004,0.04499,-4.29%
26,12.23M,1660996800,0.04306,0.04648,0.039420000000000004,0.04499,-4.29%
27,26.97M,1660910400,0.04499,0.056830000000000006,0.0449,0.054610000000000006,-17.31%
28,26.97M,1660910400,0.04499,0.056830000000000006,0.0449,0.054610000000000006,-17.31%
29,41.20M,1660824000,0.05441000000000001,0.07150000000000001,0.03683,0.03683,47.73%
30,8.82M,1660737600,0.03683,0.037930000000000005,0.035730000000000005,0.0358,2.82%
31,7.96M,1660651200,0.035820000000000005,0.037930000000000005,0.035190000000000006,0.037540000000000004,-4.66%
32,7.96M,1660651200,0.035820000000000005,0.037930000000000005,0.035190000000000006,0.037540000000000004,-4.66%
33,8.60M,1660564800,0.037570000000000006,0.039040000000000005,0.03706,0.037320000000000006,0.67%
34,8.60M,1660564800,0.037570000000000006,0.039040000000000005,0.03706,0.037320000000000006,0.67%
35,7.86M,1660478400,0.037320000000000006,0.040100000000000004,0.037140000000000006,0.039400000000000004,-5.28%
36,7.86M,1660478400,0.037320000000000006,0.040100000000000004,0.037140000000000006,0.039400000000000004,-5.28%
37,7.16M,1660392000,0.039400000000000004,0.039580000000000004,0.03934,0.039400000000000004,0.00%
38,7.16M,1660392000,0.039400000000000004,0.039580000000000004,0.03934,0.039400000000000004,0.00%
39,4.08M,1660305600,0.039400000000000004,0.0396,0.039360000000000006,0.039420000000000004,-0.05%
40,4.08M,1660305600,0.039400000000000004,0.0396,0.039360000000000006,0.039420000000000004,-0.05%
41,6.69M,1660219200,0.039420000000000004,0.03969,0.039380000000000005,0.03948,-0.15%
42,6.69M,1660219200,0.039420000000000004,0.03969,0.039380000000000005,0.03948,-0.15%
43,6.67M,1660132800,0.03948,0.040040000000000006,0.039220000000000005,0.03939,0.23%
44,6.67M,1660132800,0.03948,0.040040000000000006,0.039220000000000005,0.03939,0.23%
45,7.34M,1660046400,0.03939,0.04157,0.039110000000000006,0.04096,-3.83%
46,7.34M,1660046400,0.03939,0.04157,0.039110000000000006,0.04096,-3.83%
47,6.71M,1659960000,0.04096,0.04232,0.040560000000000006,0.041890000000000004,-2.22%
48,7.01M,1659873600,0.041890000000000004,0.042640000000000004,0.03989,0.04084,2.57%
49,5.70M,1659787200,0.04084,0.04197,0.039080000000000004,0.04048,0.89%
50,5.05M,1659700800,0.04048,0.04152,0.0393,0.040330000000000005,0.35%
51,6.49M,1659614400,0.04034,0.044930000000000005,0.038840000000000006,0.0422,-4.38%
52,5.77M,1659528000,0.042190000000000005,0.04506,0.03883,0.04064,3.81%
53,4.81M,1659441600,0.04064,0.041800000000000004,0.0383,0.03959,2.65%
54,3.84M,1659355200,0.03959,0.0413,0.038020000000000005,0.03996,-0.93%
55,3.85M,1659268800,0.03996,0.043000000000000003,0.03891,0.039790000000000006,0.45%
56,3.69M,1659182400,0.03978,0.04234,0.038200000000000005,0.039540000000000006,0.61%
57,3.26M,1659096000,0.039540000000000006,0.040760000000000005,0.03878,0.040600000000000004,-2.61%
58,3.11M,1659009600,0.040600000000000004,0.04306,0.0375,0.03977,2.09%
59,3.01M,1658923200,0.03977,0.04046,0.037,0.039290000000000005,1.22%
60,3.01M,1658836800,0.039290000000000005,0.04148,0.03891,0.040400000000000005,-2.70%
61,2.74M,1658750400,0.040380000000000006,0.04274,0.0403,0.04259,-5.19%
62,3.32M,1658664000,0.04259,0.04574,0.04123,0.04224000000000001,0.83%
63,2.74M,1658577600,0.04224000000000001,0.04342,0.04161,0.0434,-2.36%
64,1.57M,1658491200,0.04326000000000001,0.04444,0.04161,0.04351000000000001,-0.57%
65,1.57M,1658491200,0.04326000000000001,0.04444,0.04161,0.04351000000000001,-0.57%
66,211.74K,1658404800,0.04351000000000001,0.044520000000000004,0.04234,0.044320000000000005,-1.83%
67,211.74K,1658404800,0.04351000000000001,0.044520000000000004,0.04234,0.044320000000000005,-1.83%
68,490.74K,1658318400,0.044320000000000005,0.046360000000000005,0.043030000000000006,0.046360000000000005,-4.40%
69,490.74K,1658318400,0.044320000000000005,0.046360000000000005,0.043030000000000006,0.046360000000000005,-4.40%
70,901.69K,1658232000,0.046360000000000005,0.049120000000000004,0.043210000000000005,0.043210000000000005,7.29%
71,901.69K,1658232000,0.046360000000000005,0.049120000000000004,0.043210000000000005,0.043210000000000005,7.29%
72,1.21M,1658145600,0.043210000000000005,0.048,0.042080000000000006,0.0422,2.39%
73,1.61M,1658059200,0.0422,0.048040000000000006,0.04,0.04274,-1.26%
74,360.39K,1657972800,0.04274,0.0449,0.04159,0.04336,-1.43%
75,192.09K,1657886400,0.04336,0.04463,0.041940000000000005,0.043890000000000005,-0.55%
76,112.67K,1657800000,0.0436,0.04415,0.04227,0.04277,1.94%
77,173.03K,1657713600,0.04277,0.043890000000000005,0.041650000000000006,0.043890000000000005,-2.55%
78,232.26K,1657627200,0.043890000000000005,0.047240000000000004,0.043000000000000003,0.044410000000000005,-1.17%
79,462.11K,1657540800,0.044410000000000005,0.047490000000000004,0.04356,0.04383,1.32%
80,368.88K,1657454400,0.04383,0.04651,0.04295,0.04462000000000001,-1.77%
81,186.34K,1657368000,0.04462000000000001,0.04598000000000001,0.04403000000000001,0.044660000000000005,-0.09%
82,276.87K,1657281600,0.044660000000000005,0.04576,0.04386,0.04386,1.82%
83,1.53M,1657195200,0.04386,0.05133000000000001,0.041510000000000005,0.044480000000000006,-1.39%
84,1.31M,1657108800,0.044480000000000006,0.049440000000000005,0.04068,0.04574,-2.75%
85,455.56K,1657022400,0.04574,0.046400000000000004,0.04335000000000001,0.04582000000000001,-0.17%
86,318.15K,1656936000,0.04582000000000001,0.04832,0.045,0.046560000000000004,-1.59%
87,222.68K,1656849600,0.046560000000000004,0.04755,0.04515,0.04598000000000001,1.26%
88,124.91K,1656763200,0.04598000000000001,0.04712,0.04488,0.045570000000000006,0.90%
89,280.71K,1656676800,0.045570000000000006,0.048620000000000003,0.045570000000000006,0.04571,-0.31%
90,280.71K,1656676800,0.045570000000000006,0.048620000000000003,0.045570000000000006,0.04571,-0.31%
91,110.24K,1656590400,0.04571,0.04743000000000001,0.0451,0.04721,-3.18%
92,110.24K,1656590400,0.04571,0.04743000000000001,0.0451,0.04721,-3.18%
93,149.18K,1656504000,0.04721,0.04855,0.04624,0.048080000000000005,-1.81%
94,149.18K,1656504000,0.04721,0.04855,0.04624,0.048080000000000005,-1.81%
95,230.05K,1656417600,0.048080000000000005,0.04973,0.04628,0.04782,0.54%
96,230.05K,1656417600,0.048080000000000005,0.04973,0.04628,0.04782,0.54%
97,495.01K,1656331200,0.04782,0.05,0.0455,0.04904000000000001,-2.49%
98,262.24K,1656244800,0.04904000000000001,0.05144000000000001,0.048740000000000006,0.050940000000000006,-3.73%
99,1.32M,1656158400,0.050940000000000006,0.05906,0.048670000000000005,0.050350000000000006,1.17%
100,630.05K,1656072000,0.050350000000000006,0.051680000000000004,0.046650000000000004,0.047720000000000005,5.51%
101,603.67K,1655985600,0.047720000000000005,0.04982,0.04515,0.04807,-0.73%
102,336.77K,1655899200,0.04807,0.04848,0.045680000000000005,0.046880000000000005,2.54%
103,585.31K,1655812800,0.046880000000000005,0.05006000000000001,0.045470000000000003,0.048290000000000007,-2.92%
104,901.07K,1655726400,0.048290000000000007,0.051000000000000004,0.042350000000000006,0.04961,-2.66%
105,2.65M,1655640000,0.04961,0.05401,0.041,0.04369000000000001,13.55%
106,671.62K,1655553600,0.04369000000000001,0.04616000000000001,0.040400000000000005,0.04616000000000001,-5.35%
107,369.25K,1655467200,0.04616000000000001,0.04886,0.04596,0.04646,-0.65%
108,630.99K,1655380800,0.04646,0.05113,0.04599,0.05,-7.08%
109,2.73M,1655294400,0.05,0.056760000000000005,0.04306,0.046830000000000004,6.77%
110,3.52M,1655208000,0.046830000000000004,0.06271,0.04066,0.04188,11.82%
111,747.74K,1655121600,0.04188,0.05296000000000001,0.04172,0.05296000000000001,-20.92%
112,656.92K,1655035200,0.05296000000000001,0.05537,0.052000000000000005,0.05435,-2.56%
113,2.00M,1654948800,0.05435,0.06474,0.05075,0.06024,-9.78%
114,1.09M,1654862400,0.06024,0.0649,0.059140000000000005,0.06106,-1.34%
115,2.82M,1654776000,0.06106,0.06796,0.057710000000000004,0.06438,-5.16%
116,1.41M,1654689600,0.06438,0.0664,0.058850000000000006,0.06031,6.75%
117,3.37M,1654603200,0.06031,0.07112,0.05816,0.06183,-2.46%
118,1.46M,1654516800,0.06183,0.0658,0.058300000000000005,0.059980000000000006,3.08%
119,575.39K,1654430400,0.059980000000000006,0.061500000000000006,0.057490000000000006,0.060140000000000006,-0.27%
120,657.21K,1654344000,0.060140000000000006,0.062360000000000006,0.057600000000000005,0.05797000000000001,3.74%
121,716.68K,1654257600,0.05797000000000001,0.0634,0.056600000000000004,0.05836,-0.67%
122,422.55K,1654171200,0.05836,0.05897,0.056330000000000005,0.05895,-0.97%
123,623.71K,1654084800,0.05893,0.06067,0.057100000000000005,0.060160000000000005,-2.04%
124,1.67M,1653998400,0.060160000000000005,0.06430000000000001,0.05661000000000001,0.06393,-5.90%
125,1.35M,1653912000,0.06393,0.06576,0.06063,0.06276000000000001,1.86%
126,1.01M,1653825600,0.06276000000000001,0.06344000000000001,0.059620000000000006,0.06315000000000001,-0.62%
127,1.05M,1653739200,0.06315000000000001,0.06698000000000001,0.061700000000000005,0.06381,-1.03%
128,1.58M,1653652800,0.06381,0.0695,0.0606,0.06439,-0.90%
129,4.19M,1653566400,0.06439,0.07711000000000001,0.0616,0.06298000000000001,2.24%
130,762.42K,1653480000,0.06298000000000001,0.065,0.059820000000000005,0.062400000000000004,0.93%
131,762.42K,1653480000,0.06298000000000001,0.065,0.059820000000000005,0.062400000000000004,0.93%
132,1.05M,1653393600,0.062400000000000004,0.06478,0.057600000000000005,0.059280000000000006,5.26%
133,1.05M,1653393600,0.062400000000000004,0.06478,0.057600000000000005,0.059280000000000006,5.26%
134,2.40M,1653307200,0.059280000000000006,0.06998,0.058410000000000004,0.06274,-5.51%
135,2.40M,1653307200,0.059280000000000006,0.06998,0.058410000000000004,0.06274,-5.51%
136,8.33M,1653220800,0.06274,0.08304,0.0548,0.06396,-1.91%
137,13.13M,1653134400,0.06396,0.12480000000000001,0.04952,0.04952,29.16%
138,1.91M,1653048000,0.04952,0.05673,0.047900000000000005,0.055510000000000004,-10.50%
139,2.41M,1652961600,0.055330000000000004,0.058,0.04961,0.0506,9.35%
140,2.04M,1652875200,0.0506,0.06,0.04879000000000001,0.055080000000000004,-8.13%
141,7.38M,1652788800,0.055080000000000004,0.08,0.048220000000000006,0.048810000000000006,12.85%
142,2.37M,1652702400,0.048810000000000006,0.05113,0.045,0.05013,-2.28%
143,2.62M,1652616000,0.04995,0.05637,0.041960000000000004,0.044890000000000006,10.26%
144,4.43M,1652529600,0.0453,0.068,0.037,0.055650000000000005,-18.60%
145,8.41M,1652443200,0.055650000000000005,0.08273000000000001,0.02212,0.02525,136.71%
146,2.61M,1652356800,0.023510000000000003,0.051280000000000006,0.02297,0.037720000000000004,-38.23%
147,3.51M,1652270400,0.038060000000000004,0.08464,0.0335,0.07619000000000001,-50.05%
148,5.38M,1652184000,0.07619000000000001,0.10200000000000001,0.060110000000000004,0.06895000000000001,10.42%
149,2.97M,1652097600,0.069,0.10893000000000001,0.06435,0.09240000000000001,-25.32%
150,5.00M,1652011200,0.09240000000000001,0.12891,0.09098,0.101,-8.57%
151,12.15M,1651924800,0.10106000000000001,0.13672,0.08863,0.10851000000000001,-6.87%
152,16.49M,1651838400,0.10851000000000001,0.17124,0.08156000000000001,0.0955,13.62%
153,16.49M,1651838400,0.10851000000000001,0.17124,0.08156000000000001,0.0955,13.62%
154,8.66M,1651752000,0.0955,0.1366,0.08345000000000001,0.13096000000000002,-27.10%
155,8.66M,1651752000,0.0955,0.1366,0.08345000000000001,0.13096000000000002,-27.10%
156,43.22M,1651665600,0.131,0.229,0.068,0.07432000000000001,76.24%
157,43.22M,1651665600,0.131,0.229,0.068,0.07432000000000001,76.24%
158,6.76M,1651579200,0.07433000000000001,0.11660000000000001,0.037910000000000006,0.03832,93.97%
159,6.76M,1651579200,0.07433000000000001,0.11660000000000001,0.037910000000000006,0.03832,93.97%
160,765.03K,1651492800,0.03832,0.04259,0.03764,0.03814,0.47%
161,3.37M,1651406400,0.03814,0.061790000000000005,0.036950000000000004,0.03923,-2.78%
162,198.05K,1651320000,0.03923,0.04345,0.03917,0.042820000000000004,-8.38%
163,198.05K,1651320000,0.03923,0.04345,0.03917,0.042820000000000004,-8.38%
164,134.48K,1651233600,0.042820000000000004,0.050260000000000006,0.04252,0.048490000000000005,-11.69%
165,134.48K,1651233600,0.042820000000000004,0.050260000000000006,0.04252,0.048490000000000005,-11.69%
166,195.82K,1651147200,0.048490000000000005,0.050980000000000004,0.04587,0.04811000000000001,0.79%
167,195.82K,1651147200,0.048490000000000005,0.050980000000000004,0.04587,0.04811000000000001,0.79%
168,260.35K,1651060800,0.04811000000000001,0.05115,0.0458,0.04997000000000001,-3.72%
169,770.97K,1650974400,0.04997000000000001,0.06312000000000001,0.04879000000000001,0.05188,-3.53%
170,487.91K,1650888000,0.051800000000000006,0.05645000000000001,0.0497,0.056240000000000005,-7.89%
171,415.29K,1650801600,0.056240000000000005,0.06268,0.05421,0.061070000000000006,-7.91%
172,221.17K,1650715200,0.061070000000000006,0.06496,0.059000000000000004,0.061900000000000004,-1.34%
173,303.77K,1650628800,0.061900000000000004,0.06678,0.061410000000000006,0.06581000000000001,-5.94%
174,2.14M,1650542400,0.06581000000000001,0.08807000000000001,0.06486,0.06521,-1.10%
175,129.23K,1650456000,0.06654,0.06774000000000001,0.06420000000000001,0.06491000000000001,2.51%
176,350.07K,1650369600,0.06491000000000001,0.06889,0.06196000000000001,0.06819,-4.81%
177,253.38K,1650283200,0.06819,0.06889,0.06447,0.06758,0.90%
178,91.60K,1650196800,0.06758,0.07168000000000001,0.06578,0.06877000000000001,-1.73%
179,91.60K,1650196800,0.06758,0.07168000000000001,0.06578,0.06877000000000001,-1.73%
180,193.13K,1650110400,0.06877000000000001,0.07469,0.06759000000000001,0.06774000000000001,1.76%
181,193.13K,1650110400,0.06877000000000001,0.07469,0.06759000000000001,0.06774000000000001,1.76%
182,249.14K,1650024000,0.06758,0.07188,0.06691000000000001,0.06995000000000001,-3.39%
183,249.14K,1650024000,0.06758,0.07188,0.06691000000000001,0.06995000000000001,-3.39%
184,241.18K,1649937600,0.06995000000000001,0.07705000000000001,0.06816000000000001,0.07398,-5.45%
185,241.18K,1649937600,0.06995000000000001,0.07705000000000001,0.06816000000000001,0.07398,-5.45%
186,584.01K,1649851200,0.07398,0.07464000000000001,0.06544000000000001,0.06948,6.48%
187,584.01K,1649851200,0.07398,0.07464000000000001,0.06544000000000001,0.06948,6.48%
188,497.01K,1649764800,0.06948,0.07487,0.06573000000000001,0.06586,5.43%
189,16.39M,1649678400,0.0659,0.08223000000000001,0.06563000000000001,0.0816,-19.40%
190,16.39M,1649678400,0.0659,0.08223000000000001,0.06563000000000001,0.0816,-19.40%
191,21.29M,1649592000,0.08176000000000001,0.0989,0.08118,0.08163000000000001,0.23%
192,21.29M,1649592000,0.08176000000000001,0.0989,0.08118,0.08163000000000001,0.23%
193,21.07M,1649505600,0.08157,0.08384000000000001,0.07789,0.07886,3.15%
194,21.07M,1649505600,0.08157,0.08384000000000001,0.07789,0.07886,3.15%
195,22.91M,1649419200,0.07908000000000001,0.08575,0.07877,0.08414,-5.89%
196,22.91M,1649419200,0.07908000000000001,0.08575,0.07877,0.08414,-5.89%
197,22.88M,1649332800,0.08403000000000001,0.08943000000000001,0.08264,0.08838000000000001,-4.92%
198,22.88M,1649332800,0.08403000000000001,0.08943000000000001,0.08264,0.08838000000000001,-4.92%
199,14.54M,1649246400,0.08838000000000001,0.09229000000000001,0.08518,0.09142,-3.33%
200,14.54M,1649246400,0.08838000000000001,0.09229000000000001,0.08518,0.09142,-3.33%
201,366.15K,1649160000,0.09142,0.09494000000000001,0.08998,0.09050000000000001,1.02%
202,366.15K,1649160000,0.09142,0.09494000000000001,0.08998,0.09050000000000001,1.02%
203,836.02K,1649073600,0.09050000000000001,0.09411000000000001,0.08852,0.0935,-3.21%
204,836.02K,1649073600,0.09050000000000001,0.09411000000000001,0.08852,0.0935,-3.21%
205,525.90K,1648987200,0.0935,0.0942,0.08746000000000001,0.09301000000000001,0.53%
206,525.90K,1648987200,0.0935,0.0942,0.08746000000000001,0.09301000000000001,0.53%
207,406.74K,1648900800,0.09301000000000001,0.10226,0.093,0.0999,-6.90%
208,312.43K,1648814400,0.0999,0.10165,0.09336000000000001,0.09715000000000001,2.83%
209,671.32K,1648728000,0.09715000000000001,0.1022,0.0932,0.09386000000000001,3.51%
210,20.75M,1648641600,0.09386000000000001,0.10594,0.09052,0.09057000000000001,3.52%
211,26.89M,1648555200,0.09067,0.09971000000000001,0.09042000000000001,0.09642,-6.06%
212,23.00M,1648468800,0.09652000000000001,0.10200000000000001,0.08702000000000001,0.08769,9.96%
213,19.59M,1648382400,0.08778000000000001,0.09168000000000001,0.0877,0.09151000000000001,-4.08%
214,19.03M,1648296000,0.09151000000000001,0.0942,0.08515,0.09207000000000001,-0.69%
215,25.25M,1648209600,0.09215000000000001,0.09488,0.0897,0.09163,0.50%
216,17.80M,1648123200,0.09169000000000001,0.09787000000000001,0.08637,0.08700000000000001,5.39%
217,480.53K,1648036800,0.08700000000000001,0.09141,0.08594,0.08895,-2.19%
218,246.47K,1647950400,0.08895,0.08968000000000001,0.08579,0.08745000000000001,1.72%
219,233.91K,1647864000,0.08745000000000001,0.08877,0.08422,0.0852,2.64%
220,498.27K,1647172800,0.08209000000000001,0.08745000000000001,0.08088000000000001,0.08579,-4.31%
221,434.12K,1647086400,0.08579,0.08745000000000001,0.08089,0.08359000000000001,2.63%
222,434.12K,1647086400,0.08579,0.08745000000000001,0.08089,0.08359000000000001,2.63%
223,291.97K,1647000000,0.08359000000000001,0.08901,0.08332,0.08839000000000001,-5.43%
224,17.77M,1646913600,0.08839000000000001,0.09737000000000001,0.08484000000000001,0.09677000000000001,-8.66%
225,22.87M,1646827200,0.09677000000000001,0.09737000000000001,0.08467000000000001,0.08774000000000001,10.29%
226,2.93M,1646740800,0.08774000000000001,0.09737000000000001,0.08645000000000001,0.08887,-1.63%
227,926.36K,1646654400,0.08919,0.11256000000000001,0.08597,0.10753000000000001,-17.06%
228,250.75K,1646568000,0.10753000000000001,0.11866000000000002,0.10752,0.11851,-9.27%
229,953.62K,1646481600,0.11851,0.12048,0.10707000000000001,0.111,6.77%
230,1.65M,1646395200,0.111,0.12457000000000001,0.1063,0.10789000000000001,2.88%
231,708.51K,1646308800,0.10789000000000001,0.11271,0.10666,0.11220000000000001,-3.84%
232,8.90M,1646222400,0.11220000000000001,0.11676,0.10788,0.11264,-0.39%
233,13.48M,1646136000,0.11264,0.11978000000000001,0.10804000000000001,0.11078,1.68%
234,15.18M,1646049600,0.11078,0.11403,0.10317000000000001,0.10512,5.70%
235,19.09M,1645963200,0.10481000000000001,0.11899000000000001,0.09894000000000001,0.10018,4.64%
236,15.40M,1645876800,0.10016000000000001,0.10298,0.09842000000000001,0.1004,-0.24%
237,9.91M,1645790400,0.1004,0.10391,0.09561000000000001,0.0985,1.93%
238,12.26M,1645704000,0.0985,0.10573,0.09518000000000001,0.10239000000000001,-3.80%
239,10.49M,1645617600,0.10239000000000001,0.11147000000000001,0.09960000000000001,0.10067000000000001,1.91%
240,11.63M,1645531200,0.10047,0.10976000000000001,0.09914,0.10921000000000002,-7.99%
241,11.63M,1645531200,0.10047,0.10976000000000001,0.09914,0.10921000000000002,-7.99%
242,12.08M,1645444800,0.1092,0.11965,0.10881,0.11406000000000001,-4.29%
243,12.08M,1645444800,0.1092,0.11965,0.10881,0.11406000000000001,-4.29%
244,13.26M,1645358400,0.11410000000000001,0.12148,0.11301000000000001,0.11723000000000001,-2.69%
245,13.26M,1645358400,0.11410000000000001,0.12148,0.11301000000000001,0.11723000000000001,-2.69%
246,12.16M,1645272000,0.11725000000000001,0.11950000000000001,0.11608,0.11779,-0.45%
247,15.44M,1645185600,0.11778000000000001,0.12285000000000001,0.11606000000000001,0.12063000000000001,-2.44%
248,14.68M,1645099200,0.12073,0.13175,0.12001,0.12727000000000002,-5.01%
249,16.18M,1645012800,0.12710000000000002,0.13501000000000002,0.12303000000000001,0.13107000000000002,-3.21%
250,14.88M,1644926400,0.13131,0.13998000000000002,0.12546000000000002,0.12617,4.23%
251,14.88M,1644926400,0.13131,0.13998000000000002,0.12546000000000002,0.12617,4.23%
252,15.76M,1644840000,0.12598,0.1331,0.12247000000000001,0.13006,-4.50%
253,18.57M,1644753600,0.13192,0.15304,0.11329000000000002,0.11599000000000001,14.02%
254,18.57M,1644753600,0.13192,0.15304,0.11329000000000002,0.11599000000000001,14.02%
255,19.46M,1644667200,0.11570000000000001,0.12145000000000002,0.11245000000000001,0.117,-1.10%
256,19.46M,1644667200,0.11570000000000001,0.12145000000000002,0.11245000000000001,0.117,-1.10%
257,20.45M,1644580800,0.11699000000000001,0.1433,0.11572,0.13788,-15.02%
258,20.45M,1644580800,0.11699000000000001,0.1433,0.11572,0.13788,-15.02%
259,18.44M,1644494400,0.13767000000000001,0.14372000000000001,0.11800000000000001,0.1269,8.65%
260,15.43M,1644408000,0.12671000000000002,0.1459,0.11865,0.12108000000000001,4.29%
261,16.91M,1644321600,0.12150000000000001,0.13390000000000002,0.11528000000000001,0.13282000000000002,-8.36%
262,17.36M,1644235200,0.13259,0.15453,0.13115000000000002,0.14262000000000002,-7.66%
263,19.15M,1644148800,0.14359000000000002,0.1573,0.10736000000000001,0.10884,32.07%
264,14.68M,1644062400,0.10872000000000001,0.11176000000000001,0.10628000000000001,0.1109,-1.68%
265,17.16M,1643976000,0.11058000000000001,0.11781000000000001,0.09365000000000001,0.09723000000000001,13.92%
266,17.45M,1643889600,0.09707,0.09773000000000001,0.09194000000000001,0.09751000000000001,-0.45%
267,643.86K,1643630400,0.10425000000000001,0.11724000000000001,0.09366000000000001,0.09719000000000001,7.26%
268,2.76M,1643544000,0.09719000000000001,0.13458,0.09222000000000001,0.09222000000000001,5.39%
269,220.58K,1643457600,0.09222000000000001,0.0942,0.0896,0.0917,0.57%
270,117.70K,1643371200,0.0917,0.09398000000000001,0.08828000000000001,0.09009,1.79%
271,164.32K,1643284800,0.09009,0.09148,0.08600000000000001,0.08767000000000001,2.76%
272,2.03M,1643198400,0.08767000000000001,0.10855000000000001,0.08102000000000001,0.08409000000000001,4.26%
273,3.58M,1643112000,0.08409000000000001,0.138,0.06975,0.07273,15.62%
274,244.19K,1643025600,0.07273,0.07677,0.06405000000000001,0.07491,-2.91%
275,328.23K,1642939200,0.07491,0.08636,0.07050000000000001,0.07607000000000001,-1.52%
276,429.49K,1642852800,0.07607000000000001,0.10243000000000001,0.0698,0.09925,-23.36%
277,391.95K,1642766400,0.09925,0.12579,0.0944,0.12307000000000001,-19.35%
278,177.04K,1642680000,0.12307000000000001,0.12747,0.1223,0.12305,0.02%
279,128.00K,1642593600,0.12305,0.1262,0.12113000000000002,0.12445,-1.12%
280,234.80K,1642507200,0.12445,0.12759,0.12301000000000001,0.12759,-2.46%
281,418.52K,1642420800,0.12759,0.13288,0.12350000000000001,0.13151000000000002,-2.98%
282,401.73K,1642334400,0.13151000000000002,0.13607000000000002,0.12871000000000002,0.13444,-2.18%
283,804.68K,1642248000,0.13444,0.13818000000000003,0.12701,0.13088000000000002,2.72%
284,2.97M,1642161600,0.13088000000000002,0.18,0.12510000000000002,0.13862000000000002,-5.58%
285,9.71M,1642075200,0.13862000000000002,0.14321,0.12710000000000002,0.13935,-0.77%
286,14.62M,1641988800,0.13969,0.14494,0.12402,0.12999000000000002,7.48%
287,16.35M,1641902400,0.12997,0.13546000000000002,0.12718000000000002,0.12752000000000002,1.69%
288,12.13M,1641816000,0.12781,0.14691,0.1236,0.12726,0.81%
289,5.67M,1641729600,0.12678,0.13282000000000002,0.12386000000000001,0.126,0.81%
290,5.86M,1641643200,0.12576,0.13619,0.12418000000000001,0.13268000000000002,-5.22%
291,5.91M,1641556800,0.13268000000000002,0.13564,0.12825,0.13512000000000002,-1.81%
292,6.13M,1641470400,0.13512000000000002,0.14149,0.13024000000000002,0.14100000000000001,-4.04%
293,7.96M,1641384000,0.14081000000000002,0.15103000000000003,0.13592,0.15053000000000002,-6.36%
294,8.92M,1641297600,0.15038,0.17370000000000002,0.1462,0.14774,1.79%
295,8.06M,1641211200,0.14774,0.15701,0.14225000000000002,0.14499,2.07%
296,7.11M,1641124800,0.14475000000000002,0.14893,0.14363,0.14494,-0.06%
297,7.58M,1641038400,0.14483000000000001,0.15418,0.14254,0.14257,1.58%
298,8.43M,1640952000,0.14258,0.15138000000000001,0.14083,0.14594000000000001,-2.30%
299,13.50M,1640865600,0.14594000000000001,0.15436000000000002,0.14300000000000002,0.15425000000000003,-5.36%
300,13.50M,1640865600,0.14594000000000001,0.15436000000000002,0.14300000000000002,0.15425000000000003,-5.36%
301,19.15M,1640779200,0.15421,0.16714,0.14525000000000002,0.14649,5.08%
302,19.15M,1640779200,0.15421,0.16714,0.14525000000000002,0.14649,5.08%
303,14.06M,1640692800,0.14675000000000002,0.16564,0.14453000000000002,0.16371000000000002,-10.46%
304,14.06M,1640692800,0.14675000000000002,0.16564,0.14453000000000002,0.16371000000000002,-10.46%
305,12.00M,1640606400,0.16390000000000002,0.17206000000000002,0.15787,0.16047,2.28%
306,12.00M,1640606400,0.16390000000000002,0.17206000000000002,0.15787,0.16047,2.28%
307,12.15M,1640520000,0.16025,0.17382,0.15252000000000002,0.15512,3.25%
308,12.15M,1640520000,0.16025,0.17382,0.15252000000000002,0.15512,3.25%
309,14.87M,1640433600,0.1552,0.16679000000000002,0.15416000000000002,0.16662000000000002,-6.83%
310,14.87M,1640433600,0.1552,0.16679000000000002,0.15416000000000002,0.16662000000000002,-6.83%
311,14.65M,1640347200,0.16657000000000002,0.17471,0.16554000000000002,0.17448000000000002,-4.53%
312,14.65M,1640347200,0.16657000000000002,0.17471,0.16554000000000002,0.17448000000000002,-4.53%
313,15.00M,1640260800,0.17448000000000002,0.18854,0.16248,0.16476000000000002,6.06%
314,15.00M,1640260800,0.17448000000000002,0.18854,0.16248,0.16476000000000002,6.06%
315,19.51M,1640174400,0.16451000000000002,0.26014000000000004,0.13825,0.13869,18.64%
316,19.51M,1640174400,0.16451000000000002,0.26014000000000004,0.13825,0.13869,18.64%
317,10.13M,1640088000,0.13866,0.14,0.1302,0.13181,5.20%
318,10.13M,1640088000,0.13866,0.14,0.1302,0.13181,5.20%
319,8.46M,1640001600,0.13181,0.14388,0.12812,0.13237000000000002,-0.42%
320,8.48M,1639915200,0.13236,0.1385,0.13172,0.13499,-1.87%
321,9.48M,1639828800,0.13488,0.13992000000000002,0.13092,0.13765000000000002,-2.06%
322,8.84M,1639742400,0.13771,0.14467000000000002,0.12726,0.13221000000000002,4.02%
323,8.50M,1639656000,0.13239,0.14328000000000002,0.13067,0.13178,0.47%
324,8.46M,1639569600,0.13177,0.14191,0.12513000000000002,0.13744,-4.01%
325,8.69M,1639483200,0.13727,0.13982,0.13064,0.13678,0.36%
326,8.69M,1639483200,0.13727,0.13982,0.13064,0.13678,0.36%
327,8.87M,1639396800,0.13678,0.15521000000000001,0.13568000000000002,0.1532,-10.71%
328,9.24M,1639310400,0.15319000000000002,0.15739,0.14769000000000002,0.14883000000000002,3.08%
329,7.84M,1639224000,0.14861000000000002,0.15407,0.145,0.14589000000000002,1.84%
330,8.64M,1639137600,0.14593,0.15443,0.14549,0.15001,-2.73%
331,9.53M,1639051200,0.15003000000000002,0.16254000000000002,0.14801,0.1579,-5.06%
332,7.55M,1638964800,0.15802000000000002,0.18157,0.1511,0.17776,-11.05%
333,10.02M,1638878400,0.17766,0.18585000000000002,0.14524,0.15164000000000002,16.92%
334,10.02M,1638878400,0.17766,0.18585000000000002,0.14524,0.15164000000000002,16.92%
335,6.31M,1638792000,0.15195,0.168,0.11900000000000001,0.16617,-8.54%
336,6.31M,1638792000,0.15195,0.168,0.11900000000000001,0.16617,-8.54%
337,3.34M,1638705600,0.16614,0.1724,0.15598,0.17092000000000002,-2.80%
338,3.34M,1638705600,0.16614,0.1724,0.15598,0.17092000000000002,-2.80%
339,1.12M,1638619200,0.17092000000000002,0.21235,0.16801000000000002,0.21207,-19.53%
340,1.12M,1638619200,0.17092000000000002,0.21235,0.16801000000000002,0.21207,-19.53%
341,5.15M,1638532800,0.21241000000000002,0.23328000000000002,0.20304000000000003,0.21845,-2.76%
342,1.68M,1638446400,0.21845,0.23635000000000003,0.21171,0.23631000000000002,-7.56%
343,3.87M,1638360000,0.23631000000000002,0.255,0.22,0.22736,3.97%
344,2.99M,1638273600,0.22729000000000002,0.23767000000000002,0.219,0.23702,-4.11%
345,3.78M,1638187200,0.23703000000000002,0.26449,0.23,0.23921,-0.87%
346,3.99M,1638100800,0.2391,0.27,0.22472000000000003,0.22822,4.72%
347,4.15M,1638014400,0.22833,0.24206000000000003,0.20723000000000003,0.21579,5.81%
348,4.70M,1637928000,0.21579,0.24366000000000002,0.20567000000000002,0.22414,-3.73%
349,4.02M,1637841600,0.22416000000000003,0.24588000000000002,0.21385,0.217,3.30%
350,2.99M,1637755200,0.217,0.23602,0.21139000000000002,0.22640000000000002,-4.15%
351,3.81M,1637668800,0.22640000000000002,0.24550000000000002,0.21867000000000003,0.23092000000000001,-1.96%
352,1.69M,1637582400,0.23092000000000001,0.24007000000000003,0.21336000000000002,0.23065000000000002,0.12%
353,1.00M,1637150400,0.23749,0.24104000000000003,0.22159,0.23044,3.06%
354,671.22K,1637064000,0.23044,0.26191000000000003,0.23,0.25991000000000003,-11.34%
355,1.03M,1636977600,0.25991000000000003,0.29062000000000004,0.25052,0.29061000000000003,-10.56%
356,1.82M,1636891200,0.29061000000000003,0.31178,0.26292000000000004,0.2684,8.27%
357,1.24M,1636804800,0.2684,0.2792,0.24,0.24532,9.41%
358,1.22M,1636718400,0.24532,0.27722,0.24020000000000002,0.26097000000000004,-6.00%
359,2.68M,1636632000,0.26097000000000004,0.31806,0.2495,0.25534,1.28%
360,9.01M,1636545600,0.25766,0.38835000000000003,0.25192000000000003,0.2979,-13.51%
361,9.48M,1636459200,0.2979,0.37001,0.2082,0.21658000000000002,37.55%
362,928.29K,1636372800,0.21658000000000002,0.22603,0.20506000000000002,0.21980000000000002,-1.46%
363,928.29K,1636372800,0.21658000000000002,0.22603,0.20506000000000002,0.21980000000000002,-1.46%
364,1.10M,1636286400,0.21980000000000002,0.2464,0.2087,0.2346,-6.31%
365,1.10M,1636286400,0.21980000000000002,0.2464,0.2087,0.2346,-6.31%
366,986.77K,1636200000,0.2346,0.24976,0.20189000000000001,0.21789000000000003,7.67%
367,986.77K,1636200000,0.2346,0.24976,0.20189000000000001,0.21789000000000003,7.67%
368,978.72K,1636113600,0.21789000000000003,0.23415000000000002,0.20016,0.20016,8.34%
369,978.72K,1636113600,0.21789000000000003,0.23415000000000002,0.20016,0.20016,8.34%
370,1.06M,1636027200,0.20112000000000002,0.22733000000000003,0.2,0.22702000000000003,-11.41%
371,1.06M,1636027200,0.20112000000000002,0.22733000000000003,0.2,0.22702000000000003,-11.41%
372,2.52M,1635940800,0.22702000000000003,0.26890000000000003,0.224,0.2278,-0.34%
373,7.69M,1635854400,0.2278,0.37073,0.20755,0.22271000000000002,2.29%
374,2.76M,1635768000,0.22271000000000002,0.25,0.1888,0.19390000000000002,14.86%
375,1.08M,1635681600,0.19390000000000002,0.21474000000000001,0.18227000000000002,0.18648,3.98%
376,1.08M,1635681600,0.19390000000000002,0.21474000000000001,0.18227000000000002,0.18648,3.98%
377,1.41M,1635595200,0.18648,0.22007000000000002,0.18568,0.19833,-5.97%
378,1.41M,1635595200,0.18648,0.22007000000000002,0.18568,0.19833,-5.97%
379,2.58M,1635508800,0.19833,0.27,0.18192000000000003,0.19854000000000002,-0.11%
380,2.58M,1635508800,0.19833,0.27,0.18192000000000003,0.19854000000000002,-0.11%
381,1.46M,1635422400,0.19854000000000002,0.2087,0.17891,0.17891,10.97%
382,1.46M,1635422400,0.19854000000000002,0.2087,0.17891,0.17891,10.97%
383,1.41M,1635336000,0.17891,0.2305,0.17500000000000002,0.227,-21.19%
384,1.41M,1635336000,0.17891,0.2305,0.17500000000000002,0.227,-21.19%
385,2.16M,1635249600,0.227,0.25984,0.224,0.25414000000000003,-10.68%
386,2.16M,1635249600,0.227,0.25984,0.224,0.25414000000000003,-10.68%
387,3.01M,1635163200,0.25414000000000003,0.31673,0.2501,0.27168000000000003,-6.46%
388,3.01M,1635163200,0.25414000000000003,0.31673,0.2501,0.27168000000000003,-6.46%
389,3.06M,1635076800,0.27168000000000003,0.32380000000000003,0.25099000000000005,0.30898000000000003,-12.07%
390,3.06M,1635076800,0.27168000000000003,0.32380000000000003,0.25099000000000005,0.30898000000000003,-12.07%
391,9.69M,1634990400,0.30898000000000003,0.45020000000000004,0.27513000000000004,0.3045,1.47%
392,10.84M,1634904000,0.3045,0.51,0.26167,0.4792,-36.46%
393,29.55M,1634817600,0.4792,0.6789700000000001,0.15807000000000002,0.16359,192.93%
394,2.00M,1634731200,0.16359,0.18389000000000003,0.14611000000000002,0.1516,7.58%
395,1.81M,1634644800,0.15206,0.15749000000000002,0.14193,0.14766,2.98%
396,1.01M,1634558400,0.14766,0.14998,0.13685,0.14044,5.14%
397,150.50K,1634472000,0.14044,0.15499000000000002,0.13368000000000002,0.13967000000000002,0.55%
398,53.19K,1634385600,0.13967000000000002,0.14251,0.13235000000000002,0.13975,-0.06%
399,79.39K,1634299200,0.13975,0.14915,0.13641,0.14098000000000002,-0.87%
400,389.96K,1634212800,0.14098000000000002,0.14107,0.13878000000000001,0.14006000000000002,0.66%
401,1.96M,1634126400,0.14006000000000002,0.14098000000000002,0.13576000000000002,0.13578,3.15%
402,2.12M,1634040000,0.13578,0.14098000000000002,0.13562000000000002,0.1384,-1.89%
403,2.12M,1634040000,0.13578,0.14098000000000002,0.13562000000000002,0.1384,-1.89%
404,1.72M,1633953600,0.1384,0.14679,0.13699,0.14611000000000002,-5.28%
405,1.91M,1633867200,0.14611000000000002,0.15843000000000002,0.14302,0.14881000000000003,-1.81%
406,2.09M,1633780800,0.14881000000000003,0.17500000000000002,0.13518000000000002,0.14736000000000002,0.98%
407,2.10M,1633694400,0.14736000000000002,0.14736000000000002,0.13,0.13203,11.61%
408,2.17M,1633608000,0.13203,0.13732,0.13131,0.13527,-2.40%
409,2.17M,1633608000,0.13203,0.13732,0.13131,0.13527,-2.40%
410,2.07M,1633521600,0.13527,0.14128000000000002,0.13373000000000002,0.14028000000000002,-3.57%
411,2.07M,1633521600,0.13527,0.14128000000000002,0.13373000000000002,0.14028000000000002,-3.57%
412,1.79M,1633435200,0.14028000000000002,0.14389000000000002,0.13321000000000002,0.13918,0.79%
413,1.79M,1633435200,0.14028000000000002,0.14389000000000002,0.13321000000000002,0.13918,0.79%
414,2.00M,1633348800,0.13918,0.14607,0.13703,0.13952,-0.24%
415,2.00M,1633348800,0.13918,0.14607,0.13703,0.13952,-0.24%
416,2.03M,1633262400,0.13952,0.14289000000000002,0.13698000000000002,0.14070000000000002,-0.84%
417,1.91M,1632830400,0.13806000000000002,0.14217000000000002,0.13703,0.14029,-1.59%
418,1.91M,1632830400,0.13806000000000002,0.14217000000000002,0.13703,0.14029,-1.59%
419,1.86M,1632744000,0.14029,0.14400000000000002,0.13931000000000002,0.14212000000000002,-1.29%
420,1.86M,1632744000,0.14029,0.14400000000000002,0.13931000000000002,0.14212000000000002,-1.29%
421,1.44M,1632657600,0.14212000000000002,0.14748,0.14100000000000001,0.14204,0.06%
422,1.65M,1632571200,0.14204,0.15146,0.14200000000000002,0.15088000000000001,-5.86%
423,1.83M,1632484800,0.15088000000000001,0.15256,0.14200000000000002,0.14751,2.28%
424,1.75M,1632398400,0.14751,0.15834,0.14595000000000002,0.14851,-0.67%
425,2.22M,1632312000,0.14851,0.15080000000000002,0.14084000000000002,0.14465,2.67%
426,1.97M,1632225600,0.14465,0.15971000000000002,0.1409,0.14137000000000002,2.32%
427,1.88M,1632139200,0.14137000000000002,0.16378,0.14,0.1603,-11.81%
428,1.79M,1632052800,0.1603,0.16795000000000002,0.16,0.16517,-3.10%
429,1.62M,1631966400,0.16543000000000002,0.16998000000000002,0.16092,0.16202000000000003,2.10%
430,2.25M,1631880000,0.16202000000000003,0.16490000000000002,0.159,0.16228,-0.16%
431,3.48M,1631793600,0.16228,0.16648000000000002,0.15905000000000002,0.16161,0.41%
432,3.17M,1631707200,0.16161,0.17055,0.16053,0.16616,-2.74%
433,4.35M,1631620800,0.16616,0.18089000000000002,0.15833000000000003,0.18032,-7.85%
434,4.59M,1631534400,0.18032,0.2222,0.15417,0.15845,13.80%
435,3.64M,1631448000,0.15845,0.17500000000000002,0.15562,0.15642,1.32%
436,3.21M,1631361600,0.15638000000000002,0.2,0.15154,0.15222000000000002,2.73%
437,2.04M,1631275200,0.15222000000000002,0.17509000000000002,0.15180000000000002,0.16814,-9.46%
438,2.04M,1631275200,0.15222000000000002,0.17509000000000002,0.15180000000000002,0.16814,-9.46%
439,2.65M,1631188800,0.16813,0.17481000000000002,0.16377000000000003,0.16933,-0.71%
440,2.65M,1631188800,0.16813,0.17481000000000002,0.16377000000000003,0.16933,-0.71%
441,3.33M,1631102400,0.16933,0.17631000000000002,0.16185000000000002,0.1715,-1.18%
442,3.33M,1631102400,0.16933,0.17631000000000002,0.16185000000000002,0.1715,-1.18%
443,3.54M,1631016000,0.17135,0.198,0.16565000000000002,0.17633000000000001,-2.82%
444,3.54M,1631016000,0.17135,0.198,0.16565000000000002,0.17633000000000001,-2.82%
445,2.99M,1630929600,0.17633000000000001,0.21,0.1633,0.16954000000000002,4.00%
446,2.99M,1630929600,0.17633000000000001,0.21,0.1633,0.16954000000000002,4.00%
447,2.85M,1630843200,0.16954000000000002,0.177,0.16838,0.17018000000000003,-0.38%
448,2.85M,1630843200,0.16954000000000002,0.177,0.16838,0.17018000000000003,-0.38%
449,3.35M,1630756800,0.17018000000000003,0.17709000000000003,0.16804000000000002,0.17329000000000003,-1.79%
450,3.35M,1630756800,0.17018000000000003,0.17709000000000003,0.16804000000000002,0.17329000000000003,-1.79%
451,3.40M,1630670400,0.17329000000000003,0.18031000000000003,0.16816,0.17723000000000003,-1.97%
452,3.40M,1630670400,0.17329000000000003,0.18031000000000003,0.16816,0.17723000000000003,-1.97%
453,2.70M,1630584000,0.17677,0.17989000000000002,0.16316,0.16946000000000003,4.31%
454,2.70M,1630584000,0.17677,0.17989000000000002,0.16316,0.16946000000000003,4.31%
455,3.48M,1630497600,0.16946000000000003,0.17276000000000002,0.16501000000000002,0.17269,-1.87%
456,3.21M,1630411200,0.17269,0.17998,0.16905,0.17048000000000002,1.30%
457,3.31M,1630324800,0.17048000000000002,0.17999,0.16643000000000002,0.17108,-0.35%
458,3.53M,1630238400,0.17108,0.18436000000000002,0.16722,0.17943,-4.88%
459,3.01M,1630152000,0.17986000000000002,0.18499000000000002,0.17388,0.17982,0.02%
460,1.60M,1630065600,0.17982,0.18497000000000002,0.17315000000000003,0.17387000000000002,3.42%
461,2.65M,1629979200,0.17387000000000002,0.19331,0.17002,0.19185000000000002,-9.37%
462,3.56M,1629892800,0.19185000000000002,0.22999000000000003,0.1749,0.1749,9.69%
463,2.29M,1629806400,0.1749,0.19028,0.16589,0.18854,-7.59%
464,3.70M,1629720000,0.18927000000000002,0.222,0.178,0.19290000000000002,-1.88%
465,4.63M,1629633600,0.19290000000000002,0.197,0.17789000000000002,0.18753,2.86%
466,5.91M,1629547200,0.18753,0.188,0.16,0.16382000000000002,14.47%
467,1.59M,1629460800,0.16382000000000002,0.16979000000000002,0.16001,0.16292,0.55%
468,296.11K,1629374400,0.16292,0.18764000000000003,0.15432,0.18578000000000003,-12.30%
469,84.72K,1629288000,0.18578000000000003,0.19895000000000002,0.18108000000000002,0.1869,-0.60%
470,86.25K,1629201600,0.1869,0.209,0.18337,0.20419,-8.47%
471,192.64K,1629115200,0.20419,0.21855000000000002,0.1993,0.20715000000000003,-1.43%
472,841.75K,1629028800,0.20715000000000003,0.24,0.17264000000000002,0.17264000000000002,19.99%
473,265.02K,1628942400,0.17264000000000002,0.18423,0.16501000000000002,0.17774,-2.87%
474,166.51K,1628856000,0.17774,0.18794000000000002,0.15996000000000002,0.15996000000000002,11.12%
475,143.13K,1628769600,0.15996000000000002,0.18005000000000002,0.15966000000000002,0.17502,-8.60%
476,281.58K,1628683200,0.17502,0.193,0.16039,0.17018000000000003,2.84%
477,123.94K,1628596800,0.17018000000000003,0.17199,0.15803,0.15999000000000002,6.37%
478,123.94K,1628596800,0.17018000000000003,0.17199,0.15803,0.15999000000000002,6.37%
479,286.54K,1628510400,0.15999000000000002,0.17053000000000001,0.15,0.16709000000000002,-4.25%
480,302.39K,1628424000,0.16709000000000002,0.194,0.15101,0.15368,8.73%
481,1.13M,1628337600,0.15368,0.17055,0.15,0.16641,-7.65%
482,101.03K,1628251200,0.16641,0.16998000000000002,0.15,0.15141000000000002,9.91%
483,101.03K,1628251200,0.16641,0.16998000000000002,0.15,0.15141000000000002,9.91%
484,107.26K,1628164800,0.15141000000000002,0.15841000000000002,0.14880000000000002,0.1554,-2.57%
485,155.75K,1628078400,0.1554,0.17356000000000002,0.15112,0.16306,-4.70%
486,155.75K,1628078400,0.1554,0.17356000000000002,0.15112,0.16306,-4.70%
487,96.21K,1627992000,0.16306,0.17655,0.15902000000000002,0.17356000000000002,-6.05%
488,96.21K,1627992000,0.16306,0.17655,0.15902000000000002,0.17356000000000002,-6.05%
489,77.11K,1627905600,0.17356000000000002,0.18877000000000002,0.1699,0.17522000000000001,-0.95%
490,77.11K,1627905600,0.17356000000000002,0.18877000000000002,0.1699,0.17522000000000001,-0.95%
491,944.33K,1627819200,0.17522000000000001,0.19706,0.16365000000000002,0.16827,4.13%
492,698.15K,1627732800,0.16827,0.179,0.16435000000000002,0.1716,-1.94%
493,66.59K,1627646400,0.1716,0.17706000000000002,0.16068000000000002,0.17107000000000003,0.31%
494,74.18K,1627560000,0.17107000000000003,0.17875000000000002,0.16632000000000002,0.17464000000000002,-2.04%
495,74.18K,1627560000,0.17107000000000003,0.17875000000000002,0.16632000000000002,0.17464000000000002,-2.04%
496,943.51K,1627473600,0.17464000000000002,0.17994000000000002,0.16661,0.16831000000000002,3.93%
497,943.51K,1627473600,0.17464000000000002,0.17994000000000002,0.16661,0.16831000000000002,3.93%
498,1.28M,1627387200,0.16804000000000002,0.17943,0.16384,0.17109000000000002,-1.78%
499,294.69K,1627300800,0.17109000000000002,0.20296000000000003,0.16670000000000001,0.16670000000000001,1.99%
500,93.41K,1627214400,0.16775,0.18407,0.16411,0.18206000000000003,-4.64%
501,44.66K,1627128000,0.17592000000000002,0.17950000000000002,0.16746000000000003,0.16978000000000001,3.62%
502,148.63K,1627041600,0.16978000000000001,0.19997,0.16113000000000002,0.1627,4.35%
503,66.77K,1626955200,0.1627,0.17278000000000002,0.15598,0.15649000000000002,3.97%
504,66.77K,1626955200,0.1627,0.17278000000000002,0.15598,0.15649000000000002,3.97%
505,166.69K,1626868800,0.15649000000000002,0.16636,0.13528,0.14574,7.38%
506,166.69K,1626868800,0.15649000000000002,0.16636,0.13528,0.14574,7.38%
507,117.31K,1626782400,0.14574,0.16161,0.139,0.14034000000000002,3.85%
508,117.31K,1626782400,0.14574,0.16161,0.139,0.14034000000000002,3.85%
509,36.22K,1626696000,0.14034000000000002,0.15148,0.14031000000000002,0.14514000000000002,-3.31%
510,75.38K,1626609600,0.14514000000000002,0.16799,0.14147,0.16021000000000002,-9.21%
511,79.66K,1626523200,0.15987,0.16789,0.14951,0.15313000000000002,4.40%
512,106.20K,1626436800,0.15313000000000002,0.16624000000000003,0.15116000000000002,0.15612,-1.90%
513,162.07K,1626350400,0.15610000000000002,0.16799,0.15117,0.15405000000000002,1.33%
514,186.41K,1626264000,0.15405000000000002,0.17,0.14323000000000002,0.15674000000000002,-2.20%
515,113.19K,1626177600,0.15751,0.16499000000000003,0.14,0.14742000000000002,6.84%
516,100.03K,1626091200,0.14742000000000002,0.15631,0.14021,0.15498,-4.88%
517,198.19K,1626004800,0.15498,0.16676000000000002,0.14886000000000002,0.15937,-2.75%
518,207.45K,1625918400,0.15937,0.16728,0.1489,0.16676000000000002,-4.73%
519,138.91K,1625832000,0.16729000000000002,0.17594,0.16207000000000002,0.16663,0.35%
520,117.74K,1625745600,0.16671000000000002,0.16967000000000002,0.16,0.16284,2.38%
521,270.65K,1625659200,0.16284,0.17494,0.16105000000000003,0.17494,-13.08%
522,198.06K,1625572800,0.18735000000000002,0.19344000000000003,0.17594,0.17914000000000002,4.58%
523,83.20K,1625486400,0.17914000000000002,0.18025000000000002,0.17021,0.17021,5.25%
524,233.04K,1625400000,0.17021,0.17337000000000002,0.16927,0.16927,0.29%
525,137.09K,1625313600,0.16971000000000003,0.16971000000000003,0.16566,0.16667,1.82%
526,137.09K,1625313600,0.16971000000000003,0.16971000000000003,0.16566,0.16667,1.82%
527,258.18K,1625227200,0.16667,0.16864,0.15807000000000002,0.16864,-1.17%
528,258.18K,1625227200,0.16667,0.16864,0.15807000000000002,0.16864,-1.17%
529,94.49K,1625140800,0.16864,0.17736000000000002,0.16519,0.17736000000000002,-4.92%
530,94.49K,1625140800,0.16864,0.17736000000000002,0.16519,0.17736000000000002,-4.92%
531,94.77K,1625054400,0.17736000000000002,0.18082,0.17028000000000001,0.18082,-1.81%
532,131.62K,1624968000,0.18063,0.19196000000000002,0.17806000000000002,0.19196000000000002,-5.90%
533,129.11K,1624881600,0.19196000000000002,0.19758,0.18829,0.19758,-1.98%
534,129.11K,1624881600,0.19196000000000002,0.19758,0.18829,0.19758,-1.98%
535,128.43K,1624795200,0.19583,0.21085,0.18601,0.18601,5.28%
536,128.43K,1624795200,0.19583,0.21085,0.18601,0.18601,5.28%
537,84.67K,1624708800,0.18601,0.18645,0.18052,0.18052,3.04%
538,244.72K,1624622400,0.18052,0.1951,0.1761,0.1951,-7.47%
539,640.65K,1624536000,0.1951,0.1951,0.17165000000000002,0.18305000000000002,6.58%
540,278.92K,1624449600,0.18305000000000002,0.19817,0.18305000000000002,0.19287,-5.09%
541,414.86K,1624363200,0.19287,0.21999000000000002,0.19287,0.21999000000000002,-12.33%
542,240.78K,1624276800,0.21999000000000002,0.23654000000000003,0.21194000000000002,0.23654000000000003,-7.00%
543,287.72K,1624190400,0.23654000000000003,0.25276000000000004,0.22544000000000003,0.25276000000000004,-6.42%
544,287.72K,1624190400,0.23654000000000003,0.25276000000000004,0.22544000000000003,0.25276000000000004,-6.42%
545,176.05K,1624104000,0.25276000000000004,0.25542000000000004,0.2519,0.25542000000000004,-1.04%
546,487.91K,1624017600,0.25542000000000004,0.25542000000000004,0.24165000000000003,0.24732,3.28%
547,277.04K,1623931200,0.24732,0.26026000000000005,0.24732,0.25768,-4.02%
548,370.17K,1623844800,0.25768,0.26655,0.25768,0.26383,-2.33%
549,370.17K,1623844800,0.25768,0.26655,0.25768,0.26383,-2.33%
550,303.10K,1623758400,0.26383,0.28927,0.26383,0.27559,-4.27%
551,303.10K,1623758400,0.26383,0.28927,0.26383,0.27559,-4.27%
552,332.47K,1623672000,0.27559,0.27717,0.2753,0.27603,-0.24%
553,236.70K,1623585600,0.27624000000000004,0.2842,0.27624000000000004,0.2816,-1.90%
554,241.06K,1623499200,0.2816,0.29591,0.27531,0.29591,-4.84%
555,299.57K,1623412800,0.29591,0.30000000000000004,0.273,0.29118000000000005,1.62%
556,691.31K,1623326400,0.29118000000000005,0.29706000000000005,0.28258,0.29706000000000005,-1.98%
557,360.53K,1623240000,0.29706000000000005,0.29706000000000005,0.26763000000000003,0.29367000000000004,1.15%
558,408.19K,1623153600,0.29367000000000004,0.29367000000000004,0.26453000000000004,0.27143,8.19%
559,482.77K,1623067200,0.27143,0.341,0.27143,0.341,-20.40%
560,1.17M,1622980800,0.341,0.38815000000000005,0.28350000000000003,0.28350000000000003,20.28%
561,177.88K,1622894400,0.28350000000000003,0.28999,0.27721,0.27721,2.27%
562,292.19K,1622808000,0.27721,0.31408,0.27721,0.31408,-11.74%
563,352.27K,1622721600,0.31408,0.32151,0.30025,0.30025,4.61%
564,813.59K,1622635200,0.30025,0.34186000000000005,0.30025,0.34186000000000005,-12.17%
565,378.36K,1622548800,0.34186000000000005,0.38998000000000005,0.34185000000000004,0.38938000000000006,-12.21%
566,378.36K,1622548800,0.34186000000000005,0.38998000000000005,0.34185000000000004,0.38938000000000006,-12.21%
567,619.28K,1622462400,0.38942000000000004,0.46356,0.38942000000000004,0.46356,-15.35%
568,619.28K,1622462400,0.38942000000000004,0.46356,0.38942000000000004,0.46356,-15.35%
569,2.39M,1622376000,0.46003000000000005,0.489,0.393,0.489,-5.92%
570,2.39M,1622376000,0.46003000000000005,0.489,0.393,0.489,-5.92%
571,4.08M,1622289600,0.489,0.58,0.27088,0.27088,80.52%
572,139.03K,1622203200,0.27088,0.3397,0.24115000000000003,0.3397,-19.30%
573,370.03K,1622116800,0.33565,0.35023000000000004,0.33565,0.34516,-2.74%
574,232.22K,1622030400,0.34512000000000004,0.35601000000000005,0.33598,0.35601000000000005,-3.06%
575,232.22K,1622030400,0.34512000000000004,0.35601000000000005,0.33598,0.35601000000000005,-3.06%
576,573.42K,1621944000,0.35601000000000005,0.39944,0.3547,0.38672,-7.94%
577,77.00K,1621857600,0.38672,0.38672,0.33823000000000003,0.34895000000000004,10.82%
578,220.08K,1621771200,0.34895000000000004,0.47164000000000006,0.34895000000000004,0.47164000000000006,-26.01%
579,590.07K,1621684800,0.47164000000000006,0.47984000000000004,0.47164000000000006,0.47984000000000004,-1.15%
580,36.53K,1621598400,0.47711000000000003,0.54817,0.47711000000000003,0.53724,-11.19%
581,46.48K,1621512000,0.53724,0.5468000000000001,0.50321,0.5468000000000001,-2.33%
582,107.21K,1621425600,0.55005,0.8109400000000001,0.5402800000000001,0.8109400000000001,-32.17%
583,17.34K,1621339200,0.8109400000000001,0.8401700000000001,0.8093400000000001,0.83301,-2.65%
584,50.34K,1621252800,0.83301,0.8874400000000001,0.8297,0.8874400000000001,-6.13%
585,17.12K,1621166400,0.8874400000000001,0.9106700000000001,0.8874400000000001,0.9099100000000001,-2.47%
586,29.58K,1621080000,0.9099100000000001,0.9099200000000001,0.89192,0.89192,2.02%
587,182.01K,1620993600,0.89192,0.9144100000000001,0.89192,0.9144100000000001,-2.46%
588,69.12K,1620907200,0.9144100000000001,0.9144200000000001,0.9071300000000001,0.9071300000000001,0.80%
589,24.02K,1620820800,0.9071300000000001,0.9279100000000001,0.9071300000000001,0.9234,-1.76%
590,381.95K,1620734400,0.9234,0.9284700000000001,0.88741,0.9284700000000001,-0.55%
591,277.58K,1620648000,0.9284700000000001,1.00246,0.9284700000000001,0.94508,-1.76%
592,556.66K,1620561600,0.94508,0.9833200000000001,0.9067700000000001,0.9067700000000001,4.22%
593,56.05K,1620475200,0.9067700000000001,0.9297300000000001,0.7498100000000001,0.7612800000000001,19.11%
594,821.00K,1620388800,0.7612800000000001,0.7700800000000001,0.7498100000000001,0.7700800000000001,-1.14%
595,36.32K,1620302400,0.7700800000000001,0.7700800000000001,0.7345100000000001,0.74985,2.70%
596,38.99K,1620216000,0.74985,0.74985,0.72613,0.74982,2.03%
597,28.49K,1620129600,0.73494,0.8531700000000001,0.73494,0.8531700000000001,-13.86%
598,795.81K,1619956800,0.83786,0.86316,0.8181600000000001,0.8576900000000001,-2.31%
599,539.30K,1619870400,0.8576900000000001,0.9220700000000001,0.84935,0.84935,0.98%
600,55.09K,1619784000,0.84935,0.8594,0.7301500000000001,0.7646400000000001,11.08%
601,65.30K,1619697600,0.7646400000000001,0.7646400000000001,0.673,0.6741100000000001,13.43%
602,32.91K,1619611200,0.6741100000000001,0.6960200000000001,0.6741,0.6960200000000001,-3.15%
603,32.69K,1619524800,0.6960200000000001,0.71526,0.6960200000000001,0.70523,-1.31%
604,19.19K,1619352000,0.65385,0.6955300000000001,0.6513,0.6955300000000001,-5.99%
605,68.67K,1619265600,0.6955300000000001,0.7078500000000001,0.69488,0.7035,-2.94%
606,141.19K,1619179200,0.7165800000000001,0.8646900000000001,0.6244900000000001,0.8646900000000001,-17.13%
607,395.99K,1619092800,0.8647,0.9474800000000001,0.72562,0.7256300000000001,19.17%
608,214.54K,1618833600,0.806,0.85599,0.7500100000000001,0.7993500000000001,0.28%
609,759.38K,1618747200,0.80371,1.01591,0.80371,1.01591,-20.89%
610,15.33K,1618660800,1.01591,1.0389,0.96823,0.9720200000000001,5.43%
611,19.76K,1618574400,0.9636300000000001,1.04822,0.9636300000000001,1.03228,-6.65%
612,14.56K,1618488000,1.03228,1.07915,1.01783,1.07627,-4.09%
613,17.33K,1618401600,1.07627,1.11949,1.06529,1.09185,-1.25%
614,51.14K,1618315200,1.08987,1.24999,1.08987,1.16056,-6.10%
615,30.52K,1618228800,1.16066,1.16066,1.13353,1.13781,2.01%
616,19.19K,1618142400,1.13781,1.14581,1.09568,1.10939,2.56%
617,19.30K,1618056000,1.10939,1.10974,1.06534,1.09063,1.72%
618,26.59K,1617969600,1.09063,1.10384,1.09015,1.09015,0.04%
619,16.50K,1617883200,1.09015,1.11711,1.05445,1.09255,-0.22%
620,19.25K,1617796800,1.09255,1.09255,1.03428,1.05,4.55%
621,25.43K,1617710400,1.04499,1.05266,0.9811000000000001,0.9896800000000001,5.59%
622,45.94K,1617624000,0.9896800000000001,0.9998,0.9142800000000001,0.95242,3.91%
623,21.89K,1617537600,0.95242,0.95242,0.8512900000000001,0.8512900000000001,11.88%
624,16.61K,1617364800,0.85918,0.8852700000000001,0.85918,0.8714200000000001,-1.40%
625,9.50K,1617278400,0.8714200000000001,0.8714200000000001,0.8468700000000001,0.848,2.76%
626,21.45K,1617192000,0.848,0.8624600000000001,0.8315800000000001,0.8315800000000001,1.86%
627,30.01K,1617105600,0.8325500000000001,0.88834,0.8325500000000001,0.88834,-6.28%
628,23.98K,1617019200,0.88834,0.88834,0.8098900000000001,0.8213900000000001,9.98%
629,13.98K,1616846400,0.78488,0.8125,0.78488,0.8,-1.89%
630,24.86K,1616760000,0.8,0.81996,0.76875,0.76875,4.07%
631,9.06K,1616673600,0.76875,0.78166,0.7489100000000001,0.78166,-1.65%
632,13.35K,1616587200,0.78166,0.7818900000000001,0.75234,0.7809800000000001,0.09%
633,13.21K,1616500800,0.7809800000000001,0.8299400000000001,0.7809800000000001,0.8299400000000001,-5.90%
634,44.54K,1616414400,0.8299400000000001,0.8299400000000001,0.75414,0.7562700000000001,9.74%
635,47.28K,1616328000,0.7562700000000001,0.7711600000000001,0.75,0.7711600000000001,-1.93%
636,45.04K,1616241600,0.7711600000000001,0.8989900000000001,0.7711600000000001,0.8989900000000001,-14.22%
637,41.01K,1616155200,0.8989900000000001,0.91,0.8451000000000001,0.8451000000000001,6.38%
638,453.81K,1616068800,0.8451000000000001,0.84869,0.83611,0.8435100000000001,0.19%
639,253.32K,1615982400,0.8435100000000001,0.8435100000000001,0.8115500000000001,0.8258300000000001,3.19%
640,581.89K,1615896000,0.8174500000000001,0.84872,0.74582,0.7694300000000001,6.24%
641,27.55K,1615809600,0.7694300000000001,0.8143900000000001,0.7694300000000001,0.8143900000000001,-5.52%
642,47.82K,1615723200,0.8143900000000001,0.8143900000000001,0.7115300000000001,0.7115300000000001,14.46%
643,697.56K,1615636800,0.7115300000000001,0.7115300000000001,0.6186100000000001,0.6209300000000001,14.59%
644,13.23K,1615550400,0.6209300000000001,0.67744,0.6209300000000001,0.67744,-8.34%
645,347.52K,1615464000,0.67744,0.8258300000000001,0.65412,0.8258300000000001,-18.87%
646,148.20K,1615377600,0.835,0.835,0.6306700000000001,0.6424700000000001,29.97%
647,20.98K,1615291200,0.6424700000000001,0.65149,0.61307,0.63758,0.77%
648,424.58K,1615204800,0.63758,0.6623500000000001,0.63758,0.6564300000000001,-2.87%
649,70.76K,1615118400,0.6564300000000001,0.7000000000000001,0.65303,0.6966,-5.77%
650,425.57K,1615032000,0.6966,0.9366000000000001,0.6870400000000001,0.9366000000000001,-23.45%
651,58.96K,1614945600,0.91,0.91,0.6298600000000001,0.66285,37.29%
652,39.77K,1614859200,0.66285,0.7522300000000001,0.66285,0.7522300000000001,-11.88%
653,67.08K,1614772800,0.7522300000000001,0.7729800000000001,0.7379600000000001,0.7379600000000001,1.93%
654,25.72K,1614686400,0.7379600000000001,0.81379,0.7379600000000001,0.81379,-9.32%
655,5.22K,1614081600,0.58359,0.59972,0.5781400000000001,0.59972,-2.69%
656,289.41K,1613995200,0.59972,0.6004700000000001,0.5997100000000001,0.6004700000000001,-0.12%
657,224.67K,1613908800,0.6004700000000001,0.6053200000000001,0.5985400000000001,0.5985400000000001,0.32%
658,160.12K,1613822400,0.5985400000000001,0.5985400000000001,0.58733,0.5912400000000001,1.23%
659,202.45K,1613736000,0.5912400000000001,0.6127,0.5912400000000001,0.6126,-3.49%
660,7.41K,1613649600,0.6126,0.6175400000000001,0.6126,0.61716,-0.74%
661,25.96K,1613563200,0.61716,0.63826,0.61716,0.6235400000000001,-1.02%
662,9.19K,1613476800,0.6235400000000001,0.6487400000000001,0.5594800000000001,0.5594800000000001,11.45%
663,9.29K,1613390400,0.5594800000000001,0.5715600000000001,0.55356,0.5715600000000001,-2.11%
664,98.38K,1613304000,0.5715600000000001,0.578,0.55176,0.5653400000000001,1.10%
665,45.94K,1613217600,0.5653400000000001,0.5653400000000001,0.49263000000000007,0.523,8.10%
666,33.27K,1613131200,0.523,0.523,0.46738,0.46738,11.90%
667,48.03K,1613044800,0.46738,0.46802000000000005,0.45932000000000006,0.45932000000000006,1.75%
668,15.15K,1612958400,0.45932000000000006,0.495,0.45932000000000006,0.48,-4.31%
669,33.98K,1612872000,0.48,0.5024500000000001,0.45381000000000005,0.5024500000000001,-4.47%
670,12.06K,1612785600,0.5024500000000001,0.5024500000000001,0.46192000000000005,0.46192000000000005,8.77%
671,6.53K,1612699200,0.46192000000000005,0.48095000000000004,0.46192000000000005,0.48095000000000004,-3.96%
672,17.18K,1612612800,0.48095000000000004,0.48095000000000004,0.47022,0.47911000000000004,0.38%
673,15.39K,1612526400,0.47911000000000004,0.47911000000000004,0.4665,0.4665,2.70%
674,103.73K,1612440000,0.4665,0.4665,0.43537000000000003,0.43688000000000005,7.24%
675,10.27K,1612353600,0.435,0.44644000000000006,0.435,0.4425,-1.69%
676,11.56K,1612267200,0.4425,0.45694,0.435,0.4554,-2.83%
677,108.84K,1612180800,0.4554,0.46,0.44780000000000003,0.45557000000000003,-0.04%
678,12.21K,1612094400,0.45557000000000003,0.45557000000000003,0.43866000000000005,0.43873,3.84%
679,5.07K,1612008000,0.43873,0.47792,0.43873,0.46151000000000003,-4.94%
680,10.45K,1611921600,0.46151000000000003,0.48027000000000003,0.4405,0.45363000000000003,1.74%
681,19.25K,1611835200,0.45363000000000003,0.485,0.42896,0.42896,5.75%
682,3.13K,1611662400,0.45499000000000006,0.46004000000000006,0.4475,0.4475,1.67%
683,62.24K,1611576000,0.4475,0.45541000000000004,0.43342,0.43342,3.25%
684,4.32K,1611489600,0.43342,0.46,0.42923000000000006,0.45237000000000005,-4.19%
685,8.96K,1611403200,0.45237000000000005,0.45694,0.43181,0.43181,4.76%
686,8.08K,1611316800,0.43181,0.43409000000000003,0.40398,0.42359,1.94%
687,6.95K,1611230400,0.42359,0.46249,0.42359,0.46249,-8.41%
688,10.42K,1611057600,0.47500000000000003,0.49445000000000006,0.46171000000000006,0.46171000000000006,2.88%
689,22.59K,1610971200,0.46171000000000006,0.48281,0.44166000000000005,0.44711000000000006,3.27%
690,25.76K,1610884800,0.44711000000000006,0.48449000000000003,0.44416000000000005,0.4675,-4.36%
691,11.68K,1610798400,0.4675,0.47250000000000003,0.45955,0.47250000000000003,-1.06%
692,8.53K,1610712000,0.47250000000000003,0.49534000000000006,0.46321,0.49534000000000006,-4.61%
693,4.61K,1610625600,0.49534000000000006,0.51127,0.49161000000000005,0.51127,-2.87%
694,12.71K,1610539200,0.50999,0.50999,0.4675,0.5021,1.57%
695,33.92K,1610452800,0.5021,0.53202,0.45934,0.46674000000000004,7.58%
696,20.70K,1610366400,0.46674000000000004,0.527,0.405,0.527,-11.43%
697,14.94K,1610280000,0.527,0.5807800000000001,0.52449,0.54512,-3.23%
698,25.41K,1610193600,0.5445800000000001,0.5769000000000001,0.5345300000000001,0.5769000000000001,-5.60%
699,28.53K,1610107200,0.5769000000000001,0.5769000000000001,0.465,0.465,24.06%
700,18.52K,1610020800,0.465,0.465,0.44123,0.44123,5.24%
701,13.14K,1609934400,0.44183000000000006,0.44968,0.42931,0.44763000000000003,-1.30%
702,10.50K,1609848000,0.44763000000000003,0.44763000000000003,0.43176000000000003,0.43176000000000003,4.32%
703,24.55K,1609761600,0.42911000000000005,0.4577,0.42911000000000005,0.44966000000000006,-5.16%
704,24.53K,1609675200,0.45248000000000005,0.45248000000000005,0.42647,0.4315,4.86%
705,22.06K,1609588800,0.4315,0.47500000000000003,0.425,0.47500000000000003,-9.16%
706,10.04K,1609502400,0.47500000000000003,0.48210000000000003,0.46530000000000005,0.48210000000000003,-1.47%
707,13.82K,1609416000,0.48210000000000003,0.52354,0.48210000000000003,0.51576,-6.53%
708,42.16K,1609329600,0.51576,0.6040800000000001,0.51576,0.57999,-11.07%
709,39.20K,1609243200,0.57999,0.57999,0.46742000000000006,0.47275000000000006,22.68%
710,14.73K,1609156800,0.47275000000000006,0.49135000000000006,0.45714000000000005,0.49135000000000006,-3.79%
711,25.87K,1608984000,0.50612,0.5715100000000001,0.50612,0.5715100000000001,-11.44%
712,150.56K,1608897600,0.5715300000000001,0.6115700000000001,0.55089,0.58647,4.81%
713,95.08K,1608811200,0.5452800000000001,0.7361800000000001,0.42998000000000003,0.42998000000000003,26.82%
714,130.43K,1608638400,0.5565500000000001,0.71001,0.47000000000000003,0.71001,-19.12%
715,134.86K,1608552000,0.68815,0.68815,0.26104,0.26104,163.62%
716,6.26K,1608465600,0.26104,0.30991,0.26003000000000004,0.3039,-14.10%
717,10.37K,1608292800,0.35997,0.36811000000000005,0.35405000000000003,0.3653,-1.46%
718,26.32K,1608206400,0.3653,0.43152,0.3653,0.43152,-15.35%
719,23.00K,1608120000,0.43152,0.49738000000000004,0.43152,0.49738000000000004,-13.24%
720,61.15K,1608033600,0.49738000000000004,0.51459,0.49555000000000005,0.5052800000000001,-1.56%
721,20.48K,1607947200,0.5052800000000001,0.53129,0.5052800000000001,0.53129,-4.90%
722,28.78K,1607774400,0.57616,0.6024,0.5761000000000001,0.58596,-1.67%
723,70.83K,1607688000,0.58596,0.7046500000000001,0.55371,0.7046500000000001,-16.84%
724,173.22K,1607515200,0.7810100000000001,0.7810100000000001,0.56816,0.56816,37.46%
725,5.08K,1607428800,0.56816,0.56816,0.46429000000000004,0.46539,22.08%
726,0.17K,1607342400,0.46539,0.46857000000000004,0.46539,0.46857000000000004,-0.68%
727,86.70K,1607256000,0.46857000000000004,0.47350000000000003,0.46857000000000004,0.47350000000000003,-1.04%
728,1.53K,1607169600,0.47350000000000003,0.5002800000000001,0.47244,0.47244,0.22%
729,1.23K,1606996800,0.46935000000000004,0.46935000000000004,0.46372,0.46799,0.29%
730,0.74K,1606910400,0.46799,0.46799,0.46653000000000006,0.46653000000000006,0.31%
731,0.48K,1606824000,0.46653000000000006,0.46653000000000006,0.4615,0.46651000000000004,0.00%
732,0.55K,1606737600,0.46651000000000004,0.46653000000000006,0.46339,0.46339,0.67%
733,0.55K,1606737600,0.46651000000000004,0.46653000000000006,0.46339,0.46339,0.67%
734,0.06K,1606564800,0.46395000000000003,0.46999,0.46395000000000003,0.46836000000000005,-0.94%
735,1.00K,1606392000,0.47216,0.48622000000000004,0.47142000000000006,0.48622000000000004,-2.89%
736,1.81K,1606305600,0.48622000000000004,0.49346000000000007,0.47806000000000004,0.48265,0.74%
737,0.61K,1606132800,0.47750000000000004,0.48287,0.47244,0.4801,-0.54%
738,2.38K,1605960000,0.49228000000000005,0.49418000000000006,0.48088000000000003,0.48341000000000006,1.83%
739,1.37K,1605787200,0.49387000000000003,0.49926000000000004,0.49387000000000003,0.49898000000000003,-1.02%
740,1.37K,1605700800,0.49898000000000003,0.49898000000000003,0.49185000000000006,0.49705000000000005,0.39%
741,54.84K,1605528000,0.51715,0.57059,0.48874000000000006,0.48874000000000006,5.81%
742,1.40K,1605096000,0.52124,0.5998600000000001,0.52124,0.5998600000000001,-13.11%
743,1.40K,1605096000,0.52124,0.5998600000000001,0.52124,0.5998600000000001,-13.11%
744,68.60K,1604923200,0.52832,0.52832,0.46372,0.46935000000000004,12.56%
745,2.44K,1604750400,0.46001000000000003,0.50314,0.44798000000000004,0.50304,-8.55%
746,4.97K,1604491200,0.38784,0.40514000000000006,0.37936000000000003,0.38474,0.81%
747,1.95K,1604318400,0.38163,0.38780000000000003,0.37933000000000006,0.37933000000000006,0.61%
748,0.36K,1604232000,0.37933000000000006,0.38217,0.37655000000000005,0.37655000000000005,0.74%
749,112.69K,1604059200,0.37142000000000003,0.38670000000000004,0.37142000000000003,0.37978,-2.20%
750,1.09K,1603800000,0.40006,0.41221,0.40006,0.41155,-2.79%
751,102.05K,1603713600,0.41155,0.42202000000000006,0.41155,0.41224000000000005,-0.17%
752,26.17K,1603540800,0.40946000000000005,0.43265000000000003,0.39691000000000004,0.39691000000000004,3.16%
753,0.55K,1603368000,0.53122,0.54261,0.51715,0.51715,2.72%
754,2.14K,1603195200,0.57132,0.6004900000000001,0.57132,0.6004900000000001,-4.86%
755,52.18K,1603108800,0.6004900000000001,0.62714,0.6004900000000001,0.6233500000000001,-3.67%
756,87.77K,1602936000,0.5936,0.6189,0.5936,0.6189,-4.09%
757,50.09K,1602763200,0.60262,0.60262,0.58631,0.59177,1.83%
758,33.74K,1602504000,0.58091,0.5863400000000001,0.56079,0.56079,3.59%
759,0.26K,1602417600,0.56079,0.5999800000000001,0.56079,0.5999800000000001,-6.53%
760,0.84K,1602244800,0.51114,0.6034,0.51114,0.57757,-11.50%
761,7.15K,1602072000,0.5431400000000001,0.5431400000000001,0.49674,0.5252800000000001,3.40%
762,2.69K,1601899200,0.46153000000000005,0.46372,0.45248000000000005,0.46063000000000004,0.20%
763,1.22K,1601812800,0.46063000000000004,0.51714,0.46063000000000004,0.47832,-3.70%
764,18.98K,1601640000,0.43853000000000003,0.649,0.35762000000000005,0.36591,19.85%
765,8.82K,1601467200,0.42881,0.42881,0.42203,0.42203,1.61%
766,3.16K,1601380800,0.42203,0.42542,0.41592,0.41734000000000004,1.12%
767,87.53K,1601208000,0.44576000000000005,0.44576000000000005,0.34155,0.34472,28.03%
768,3.78K,1600862400,0.30000000000000004,0.33712000000000003,0.30000000000000004,0.32312,-7.16%
769,28.04K,1600689600,0.32046,0.44,0.27,0.44,-27.17%
770,98.57K,1600171200,0.21294000000000002,0.21993000000000001,0.20897000000000002,0.20897000000000002,1.90%
771,69.61K,1599566400,0.1918,0.19939,0.18279,0.18289000000000002,4.87%
772,78.64K,1599307200,0.17420000000000002,0.18279,0.17420000000000002,0.18279,-4.70%
773,9.67K,1599134400,0.17772000000000002,0.22296000000000002,0.17772000000000002,0.21329,-16.68%
774,92.03K,1598875200,0.20422,0.21292000000000003,0.19846000000000003,0.19846000000000003,2.90%
775,272.72K,1598702400,0.2175,0.21913000000000002,0.21660000000000001,0.21913000000000002,-0.74%
776,163.69K,1598529600,0.22855000000000003,0.25968,0.22855000000000003,0.25968,-11.99%
777,87.00K,1598356800,0.28202000000000005,0.29779,0.27777,0.29779,-5.30%
778,214.79K,1598097600,0.33956000000000003,0.34249,0.33183,0.34249,-0.86%
779,246.17K,1597838400,0.48621000000000003,0.48621000000000003,0.18121,0.18121,168.31%
780,442.38K,1597665600,0.16997,0.16997,0.15711,0.15829000000000001,7.38%
781,81.56K,1597492800,0.16253,0.16961,0.16253,0.16944,-4.08%
782,400.91K,1597147200,0.16,0.16,0.15071,0.15071,6.16%
783,361.22K,1597060800,0.15071,0.15585000000000002,0.15071,0.15479,-2.64%
784,305.95K,1596801600,0.15012,0.15556,0.15012,0.15212,-1.31%
785,396.09K,1596628800,0.1502,0.15393,0.1502,0.15393,-2.42%
786,324.57K,1596456000,0.16266000000000003,0.16670000000000001,0.15810000000000002,0.16670000000000001,-2.42%
787,275.64K,1596283200,0.17748000000000003,0.18323,0.17197,0.18323,-3.14%
788,355.27K,1596110400,0.15353,0.15360000000000001,0.14363,0.15261000000000002,0.33%
789,139.67K,1595937600,0.15102000000000002,0.16302000000000003,0.15102000000000002,0.16302000000000003,-7.36%
790,385.20K,1595851200,0.16302000000000003,0.16911,0.16244,0.16274000000000002,0.17%
791,358.78K,1595764800,0.16274000000000002,0.18822000000000003,0.162,0.18822000000000003,-13.97%
792,323.07K,1595419200,0.2576,0.2576,0.15615,0.19341000000000003,33.19%
793,52.39K,1595332800,0.19341000000000003,0.19341000000000003,0.16906000000000002,0.16914,14.35%
794,5.89K,1595246400,0.16914,0.17503000000000002,0.16914,0.17413,-2.87%
795,69.48K,1595073600,0.17226000000000002,0.18106000000000003,0.17223000000000002,0.17689000000000002,-2.63%
796,93.45K,1594987200,0.17691,0.19451000000000002,0.17249,0.17359000000000002,1.91%
797,68.08K,1594900800,0.17359000000000002,0.18729,0.17339000000000002,0.18729,-7.31%
798,11.70K,1594814400,0.18729,0.19202000000000002,0.18481,0.19197000000000003,-2.44%
799,91.82K,1594641600,0.18375000000000002,0.19209,0.16936,0.19209,-4.34%
800,94.75K,1594555200,0.19209,0.19369000000000003,0.18323,0.19302000000000002,-0.33%
801,80.29K,1594468800,0.19273,0.19273,0.16616,0.16878,14.19%
802,8.74K,1594382400,0.16878,0.16878,0.16018000000000002,0.16690000000000002,1.13%
803,4.09K,1594296000,0.16690000000000002,0.17121,0.164,0.17121,-3.43%
804,56.30K,1594123200,0.18511000000000002,0.20383,0.17783000000000002,0.20383,-9.18%
805,1.99K,1594036800,0.20383,0.20383,0.19966,0.20169,1.06%
806,8.79K,1593950400,0.20169,0.20600000000000002,0.19996000000000003,0.20600000000000002,-2.09%
807,12.17K,1593864000,0.20600000000000002,0.21975000000000003,0.1791,0.21868,-5.80%
808,7.91K,1593777600,0.21868,0.221,0.21642000000000003,0.21886000000000003,-0.08%
809,28.74K,1593691200,0.21886000000000003,0.22197000000000003,0.21630000000000002,0.22152000000000002,-1.20%
810,27.24K,1593604800,0.22152000000000002,0.22496000000000002,0.21501,0.21791000000000002,1.64%
811,26.61K,1593518400,0.21794000000000002,0.22591000000000003,0.21152,0.22121000000000002,-1.48%
812,28.07K,1593432000,0.22121000000000002,0.22562000000000001,0.21056000000000002,0.21567000000000003,2.57%
813,32.65K,1593345600,0.21567000000000003,0.22074000000000002,0.21057,0.21808000000000002,-1.10%
814,37.11K,1593259200,0.21806000000000003,0.25,0.21508000000000002,0.22073,-1.21%
815,28.75K,1593172800,0.22073,0.22854000000000002,0.21487,0.22813000000000003,-3.24%
816,29.40K,1593086400,0.22813000000000003,0.24896000000000001,0.22591000000000003,0.24075000000000002,-5.21%
817,27.56K,1593000000,0.24067000000000002,0.24997000000000003,0.2281,0.24031000000000002,0.15%
818,27.86K,1592913600,0.24031000000000002,0.24999000000000002,0.23140000000000002,0.23521000000000003,2.24%
819,29.82K,1592827200,0.23504000000000003,0.24078000000000002,0.22797,0.23797000000000001,-1.28%
820,26.18K,1592740800,0.23809000000000002,0.24058000000000002,0.23001000000000002,0.23218000000000003,2.55%
821,28.41K,1592654400,0.23218000000000003,0.24480000000000002,0.23,0.23077000000000003,0.47%
822,31.05K,1592568000,0.2311,0.25,0.22160000000000002,0.24773000000000003,-6.71%
823,28.72K,1592481600,0.24773000000000003,0.27387,0.23416,0.26448000000000005,-6.33%
824,11.23K,1592395200,0.26448000000000005,0.27867000000000003,0.23416,0.26905,-1.70%
825,5.04K,1592308800,0.26905,0.28343,0.25,0.27387,-1.76%
826,9.35K,1592222400,0.27387,0.33175000000000004,0.2501,0.26382,3.81%
827,2.53K,1592136000,0.26382,0.27867000000000003,0.25,0.25635,2.91%
828,3.23K,1592049600,0.25635,0.28819,0.2501,0.26,-1.40%
829,1.41K,1591963200,0.26,0.26908000000000004,0.25004000000000004,0.26563000000000003,-2.12%
830,1.38K,1591876800,0.26563000000000003,0.28600000000000003,0.26001,0.28600000000000003,-7.12%
831,15.86K,1591790400,0.28600000000000003,0.28819,0.27335000000000004,0.27478,4.08%
832,11.34K,1591704000,0.27478,0.30033000000000004,0.25,0.26674000000000003,3.01%
833,51.38K,1591617600,0.26674000000000003,0.31061000000000005,0.2667,0.281,-5.07%
834,36.03K,1591531200,0.281,0.29494000000000004,0.26192000000000004,0.29337,-4.21%
835,55.93K,1591444800,0.29336,0.30034000000000005,0.2903,0.29502,-1.48%
836,59.52K,1591358400,0.29778000000000004,0.30032000000000003,0.29502,0.29719,0.20%
837,60.82K,1591272000,0.29719,0.3009,0.28001000000000004,0.30079,-1.08%
838,68.93K,1591099200,0.32596,0.37870000000000004,0.2737,0.37870000000000004,-13.93%
839,64.25K,1591012800,0.37870000000000004,0.41592,0.27497000000000005,0.28168000000000004,34.44%
840,17.34K,1590926400,0.28168000000000004,0.32676000000000005,0.2614,0.32056,-12.13%
841,15.06K,1590840000,0.32056,0.33645,0.3205,0.33051,-3.01%
842,15.77K,1590753600,0.33051,0.34443,0.30062,0.34443,-4.04%
843,19.50K,1590667200,0.34443,0.37898000000000004,0.30745,0.37292000000000003,-7.64%
844,34.56K,1590580800,0.37292000000000003,0.45,0.33437,0.4295,-13.17%
845,33.90K,1590494400,0.4295,0.515,0.2968,0.38502000000000003,11.55%
846,64.45K,1590408000,0.38502000000000003,0.54912,0.2619,0.35967000000000005,7.05%
847,44.09K,1590321600,0.35967000000000005,0.59999,0.21033000000000002,0.21048000000000003,70.87%
848,16.65K,1590235200,0.21049,0.23498000000000002,0.21030000000000001,0.22745,-7.46%
849,15.32K,1590148800,0.22745,0.25012,0.21,0.23190000000000002,-1.92%
850,13.68K,1590062400,0.23190000000000002,0.25626000000000004,0.21,0.24083000000000002,-3.71%
851,19.69K,1589976000,0.24083000000000002,0.27909,0.225,0.26897000000000004,-12.02%
852,17.69K,1589889600,0.27373000000000003,0.28873000000000004,0.25796,0.27606,-0.84%
853,19.49K,1589803200,0.27606,0.28944000000000003,0.22851000000000002,0.28368000000000004,-3.83%
854,29.31K,1589716800,0.28705,0.29699000000000003,0.22,0.2741,4.72%
855,20.54K,1589630400,0.2741,0.33981,0.21225000000000002,0.32302000000000003,-15.14%
856,2.88K,1589544000,0.32302000000000003,0.36405000000000004,0.32,0.32912,-1.85%
857,5.14K,1589457600,0.32912,0.387,0.32885000000000003,0.35967000000000005,-8.49%
858,25.30K,1589371200,0.35967000000000005,0.35967000000000005,0.291,0.31366000000000005,14.67%
859,48.17K,1589284800,0.31366000000000005,0.42098,0.27562000000000003,0.41036000000000006,-23.52%
860,20.16K,1589198400,0.41013000000000005,0.56,0.37,0.4459,-8.02%
861,18.67K,1589112000,0.4459,0.57059,0.35521,0.36788000000000004,21.27%
862,14.17K,1589025600,0.3677,0.40247000000000005,0.36405000000000004,0.40214000000000005,-8.62%
863,14.16K,1588939200,0.40240000000000004,0.4048,0.39981000000000005,0.40325000000000005,-0.21%
864,14.12K,1588852800,0.40326,0.40944,0.40325000000000005,0.40906000000000003,-1.45%
865,14.85K,1588766400,0.40919000000000005,0.41163000000000005,0.36405000000000004,0.36741,11.36%
866,14.44K,1588680000,0.36746,0.40519000000000005,0.36405000000000004,0.39993,-8.12%
867,14.29K,1588593600,0.39992000000000005,0.41933000000000004,0.38896000000000003,0.41709,-4.23%
868,16.78K,1588507200,0.41758,0.49691,0.37796,0.4968,-15.95%
869,14.04K,1588420800,0.4968,0.4988,0.49594000000000005,0.49785,-0.22%
870,14.94K,1588334400,0.49791,0.54234,0.44166000000000005,0.54201,-8.18%
871,6.95K,1588248000,0.54224,0.60248,0.48202000000000006,0.48202000000000006,12.49%
872,24.48K,1588161600,0.48202000000000006,0.64878,0.48002000000000006,0.5854100000000001,-17.66%
873,68.02K,1587988800,0.43033000000000005,0.53,0.30000000000000004,0.52773,-18.46%
874,112.98K,1587902400,0.52773,0.5747300000000001,0.43503000000000003,0.48273000000000005,9.32%
875,94.68K,1587816000,0.48273000000000005,0.48989000000000005,0.34596000000000005,0.48294000000000004,-0.04%
876,151.43K,1587729600,0.48294000000000004,0.48988000000000004,0.44441,0.48657000000000006,-0.81%
877,119.52K,1587643200,0.48688000000000003,0.52692,0.44443000000000005,0.4474,8.81%
878,202.93K,1587556800,0.44747000000000003,0.5186900000000001,0.42026,0.51531,-13.17%
879,104.79K,1587470400,0.51534,0.5212,0.51112,0.5133500000000001,0.12%
880,97.84K,1587384000,0.5147400000000001,0.54522,0.50748,0.53652,-4.06%
881,109.59K,1587297600,0.5365300000000001,0.54979,0.53151,0.5490700000000001,-2.27%
882,137.21K,1587211200,0.54901,0.5523,0.52736,0.52736,3.92%
883,134.78K,1587124800,0.5282800000000001,0.53512,0.5247200000000001,0.53291,-0.85%
884,129.17K,1587038400,0.53281,0.5377500000000001,0.48477000000000003,0.49521000000000004,7.61%
885,134.39K,1586952000,0.49512000000000006,0.51658,0.49465000000000003,0.5120600000000001,-3.33%
886,139.84K,1586865600,0.51217,0.52317,0.50839,0.5148400000000001,-0.50%
887,165.47K,1586779200,0.51476,0.51493,0.51381,0.5148,-0.01%
888,169.48K,1586692800,0.5147900000000001,0.5158900000000001,0.51468,0.5148900000000001,-0.01%
889,165.56K,1586606400,0.5148600000000001,0.51932,0.5111600000000001,0.5122500000000001,0.48%
890,163.13K,1586520000,0.5123800000000001,0.5484100000000001,0.49099000000000004,0.54718,-6.38%
891,203.80K,1586433600,0.54727,0.5551900000000001,0.53532,0.5532600000000001,-1.02%
892,189.45K,1586347200,0.5529200000000001,0.55749,0.53144,0.53452,3.53%
893,150.48K,1586260800,0.5340900000000001,0.5594300000000001,0.52595,0.5464100000000001,-2.28%
894,136.97K,1586174400,0.5465500000000001,0.54722,0.49578000000000005,0.49608,10.17%
895,136.16K,1586088000,0.49611000000000005,0.5046700000000001,0.48932000000000003,0.50271,-1.35%
896,135.37K,1586001600,0.5029,0.50754,0.48917000000000005,0.49385000000000007,1.86%
897,136.28K,1585915200,0.49373000000000006,0.5128600000000001,0.4848,0.49643000000000004,-0.52%
898,198.94K,1585828800,0.4963,0.5256700000000001,0.48093,0.48323000000000005,2.58%
899,204.90K,1585742400,0.48384000000000005,0.48550000000000004,0.45076000000000005,0.47021,2.92%
900,176.93K,1585656000,0.47009000000000006,0.47524000000000005,0.46444,0.4687,-0.07%
901,167.88K,1585569600,0.47041000000000005,0.47900000000000004,0.43269,0.43304000000000004,8.57%
902,185.96K,1585483200,0.43327000000000004,0.4616,0.43310000000000004,0.46009000000000005,-5.85%
903,203.84K,1585396800,0.46018000000000003,0.46527,0.44506,0.46526000000000006,-1.26%
904,170.88K,1585310400,0.46604000000000007,0.49874,0.46346000000000004,0.49154000000000003,-5.19%
905,155.55K,1585224000,0.49157000000000006,0.49271000000000004,0.47491000000000005,0.48396000000000006,1.76%
906,142.12K,1585137600,0.48306000000000004,0.50444,0.4687,0.49096000000000006,-1.61%
907,138.10K,1585051200,0.49207000000000006,0.50504,0.46658000000000005,0.47301000000000004,4.06%
908,132.22K,1585051200,0.49096000000000006,0.50504,0.46658000000000005,0.47301000000000004,3.82%
909,188.48K,1584705600,0.45637000000000005,0.50736,0.42242,0.45827,-0.38%
910,191.66K,1584532800,0.39925000000000005,0.41788000000000003,0.3816,0.40647000000000005,-1.68%
911,144.46K,1584360000,0.37658,0.41291000000000005,0.34127,0.41285000000000005,-8.80%
912,128.23K,1584187200,0.40184000000000003,0.42805000000000004,0.39596000000000003,0.42295000000000005,-5.10%
913,224.91K,1584014400,0.35186,0.6036400000000001,0.35169,0.60177,-41.53%
914,115.65K,1583928000,0.60177,0.60877,0.5753900000000001,0.60253,-0.11%
915,71.92K,1583755200,0.6084400000000001,0.70159,0.56852,0.69862,-12.92%
916,85.70K,1583668800,0.69872,0.7016100000000001,0.69003,0.69823,0.03%
917,93.37K,1583582400,0.69854,0.70682,0.66744,0.70125,-0.36%
918,112.12K,1583409600,0.6913400000000001,0.7011400000000001,0.6661400000000001,0.6726200000000001,2.78%
919,118.02K,1583323200,0.6726200000000001,0.68149,0.6570900000000001,0.67166,0.15%
920,118.85K,1583236800,0.67159,0.6856300000000001,0.6623600000000001,0.6853400000000001,-1.98%
921,116.02K,1583150400,0.68515,0.6883100000000001,0.6339400000000001,0.65142,5.16%
922,129.51K,1583064000,0.65151,0.66532,0.6445700000000001,0.6636500000000001,-1.83%
923,120.73K,1582977600,0.66364,0.6887,0.65349,0.6633100000000001,-2.31%
924,99.95K,1582891200,0.6793600000000001,0.68378,0.6286200000000001,0.6743,0.76%
925,112.38K,1582804800,0.67425,0.6888200000000001,0.6651900000000001,0.6871600000000001,-1.89%
926,110.96K,1582718400,0.6872400000000001,0.72865,0.6853800000000001,0.72204,-4.80%
927,86.90K,1582632000,0.7218600000000001,0.7580600000000001,0.7201000000000001,0.75463,-4.32%
928,102.32K,1582545600,0.75443,0.79844,0.74345,0.7958700000000001,-5.20%
929,115.79K,1582459200,0.7957900000000001,0.79598,0.76204,0.76214,4.40%
930,113.71K,1582372800,0.76226,0.7697,0.75246,0.7670800000000001,-0.61%
931,97.83K,1582286400,0.76695,0.7758600000000001,0.7528900000000001,0.7558,1.53%
932,99.46K,1582200000,0.7553900000000001,0.7665700000000001,0.7332900000000001,0.7579100000000001,-0.30%
933,155.27K,1582113600,0.7577,0.82925,0.74528,0.81588,-7.14%
934,105.75K,1582027200,0.81598,0.82428,0.7626700000000001,0.7796900000000001,4.66%
935,76.98K,1581940800,0.7796500000000001,0.78976,0.7391800000000001,0.78641,-0.99%
936,82.81K,1581854400,0.78744,0.8204400000000001,0.7365400000000001,0.8000900000000001,-1.56%
937,93.36K,1581768000,0.7999400000000001,0.8624900000000001,0.79224,0.8585400000000001,-6.81%
938,49.19K,1581681600,0.8584100000000001,0.8588300000000001,0.8200500000000001,0.83428,2.90%
939,83.18K,1581595200,0.8342100000000001,0.8547,0.8160900000000001,0.8364900000000001,-0.34%
940,94.92K,1581508800,0.83708,0.83964,0.80693,0.80693,3.68%
941,95.86K,1581422400,0.80737,0.8102,0.75714,0.77066,4.65%
942,104.43K,1581336000,0.7714700000000001,0.7895000000000001,0.7579300000000001,0.78842,-2.14%
943,272.69K,1581249600,0.7883800000000001,0.7889100000000001,0.7628600000000001,0.7655200000000001,2.99%
944,182.49K,1581163200,0.7655200000000001,0.7693800000000001,0.7357600000000001,0.7549300000000001,1.40%
945,133.51K,1581076800,0.75497,0.75529,0.7428400000000001,0.7428400000000001,1.06%
946,230.69K,1580990400,0.7470800000000001,0.7553000000000001,0.71762,0.73721,1.34%
947,218.46K,1580904000,0.7371700000000001,0.7442500000000001,0.69693,0.69784,5.66%
948,105.54K,1580817600,0.6976800000000001,0.7154,0.69242,0.7031200000000001,-0.78%
949,154.31K,1580731200,0.7031900000000001,0.7154,0.6989700000000001,0.71299,-1.36%
950,136.96K,1580644800,0.7129200000000001,0.71735,0.68635,0.70479,1.13%
951,131.70K,1580558400,0.70494,0.70891,0.6950400000000001,0.6973,1.09%
952,121.22K,1580472000,0.6973100000000001,0.71342,0.6851700000000001,0.71203,-2.09%
953,122.09K,1580385600,0.7121700000000001,0.7163200000000001,0.68381,0.69008,3.22%
954,101.95K,1580299200,0.6899400000000001,0.70042,0.6879200000000001,0.69732,-1.08%
955,125.85K,1580212800,0.6974800000000001,0.69793,0.6637900000000001,0.66393,5.05%
956,111.57K,1580126400,0.6639200000000001,0.6710900000000001,0.64012,0.64204,3.39%
957,106.87K,1580040000,0.6421300000000001,0.6422300000000001,0.6149600000000001,0.6193700000000001,3.67%
958,124.09K,1579953600,0.6193700000000001,0.62748,0.61226,0.6273500000000001,-1.19%
959,143.35K,1579867200,0.62683,0.6335400000000001,0.60951,0.62521,0.16%
960,142.97K,1579780800,0.6258,0.64973,0.61616,0.64931,-3.64%
961,158.59K,1579694400,0.6494300000000001,0.6587900000000001,0.64368,0.6538200000000001,-0.65%
962,128.14K,1579608000,0.65371,0.6566200000000001,0.63643,0.64532,1.31%
963,128.48K,1579521600,0.64524,0.6541600000000001,0.63183,0.64824,-0.41%
964,149.40K,1579435200,0.6478700000000001,0.68144,0.63234,0.66264,-2.24%
965,133.48K,1579348800,0.66269,0.6739700000000001,0.6528600000000001,0.6650600000000001,-0.35%
966,115.71K,1579262400,0.66503,0.67264,0.64376,0.6494,2.33%
967,121.17K,1579176000,0.6498600000000001,0.6593100000000001,0.63388,0.65632,-0.93%
968,138.84K,1579089600,0.65597,0.6658400000000001,0.63466,0.6581400000000001,-0.30%
969,162.76K,1579003200,0.65795,0.66385,0.5861900000000001,0.5861900000000001,12.20%
970,177.47K,1578916800,0.5864100000000001,0.5932000000000001,0.58159,0.59245,-0.95%
971,176.80K,1578830400,0.59201,0.5921000000000001,0.5758500000000001,0.57938,2.17%
972,157.62K,1578744000,0.5794400000000001,0.5981700000000001,0.5761000000000001,0.5901500000000001,-1.70%
973,139.99K,1578657600,0.5894600000000001,0.58989,0.5509900000000001,0.56016,5.16%
974,126.47K,1578571200,0.56055,0.5744100000000001,0.5535300000000001,0.57369,-2.32%
975,119.02K,1578484800,0.5738800000000001,0.6032700000000001,0.56305,0.5836,-1.72%
976,122.50K,1578398400,0.58394,0.58657,0.55711,0.56386,3.52%
977,166.07K,1578312000,0.5640900000000001,0.5652900000000001,0.53054,0.5313100000000001,6.14%
978,163.65K,1578225600,0.53144,0.5403800000000001,0.51693,0.5302,0.24%
979,219.93K,1578139200,0.53017,0.53266,0.52422,0.5282800000000001,0.49%
980,277.10K,1578052800,0.52756,0.53212,0.49445000000000006,0.49984000000000006,5.53%
981,245.87K,1577966400,0.4999,0.51775,0.49815000000000004,0.51668,-3.23%
982,130.82K,1577880000,0.5166000000000001,0.52124,0.51366,0.5147900000000001,0.32%
983,130.29K,1577793600,0.51493,0.5260600000000001,0.51205,0.5200800000000001,-0.98%
984,153.71K,1577707200,0.5200400000000001,0.5328700000000001,0.51793,0.53171,-2.28%
985,154.05K,1577620800,0.5321600000000001,0.5410400000000001,0.52119,0.5227200000000001,1.83%
986,153.02K,1577534400,0.52259,0.5268400000000001,0.5176000000000001,0.5182300000000001,0.90%
987,169.94K,1577448000,0.51793,0.5187900000000001,0.5051800000000001,0.5136000000000001,0.82%
988,178.97K,1577361600,0.5137,0.5308200000000001,0.51058,0.51244,0.24%
989,149.93K,1577275200,0.5124700000000001,0.5182300000000001,0.50695,0.51781,-1.07%
990,151.29K,1577188800,0.51802,0.5281800000000001,0.51124,0.5219900000000001,-0.76%
991,144.47K,1577102400,0.522,0.5473600000000001,0.51756,0.5364,-2.64%
992,152.60K,1577016000,0.53613,0.53669,0.5101100000000001,0.51088,4.91%
993,144.12K,1576929600,0.5110600000000001,0.51526,0.50915,0.5151800000000001,-0.76%
994,160.20K,1576843200,0.5149600000000001,0.5178200000000001,0.50634,0.51156,0.64%
995,170.10K,1576670400,0.52114,0.5283500000000001,0.46223000000000003,0.47628000000000004,9.42%
996,141.60K,1576584000,0.47629000000000005,0.50251,0.4733,0.49988000000000005,-4.82%
997,140.63K,1576497600,0.50039,0.5233,0.49709000000000003,0.52095,-3.90%
998,142.71K,1576411200,0.5206900000000001,0.52449,0.5131100000000001,0.5175500000000001,0.61%
999,160.53K,1576324800,0.51753,0.5314500000000001,0.51488,0.5302,-2.40%
1000,165.15K,1576238400,0.5302300000000001,0.53317,0.52498,0.5257900000000001,0.83%
1001,148.12K,1576152000,0.5258400000000001,0.53052,0.5189,0.52644,-0.09%
1002,141.66K,1576065600,0.5263300000000001,0.5317700000000001,0.52102,0.5283100000000001,-0.36%
1003,144.71K,1575979200,0.52822,0.5400900000000001,0.52449,0.5372,-1.72%
1004,134.36K,1575892800,0.53744,0.55569,0.53371,0.55112,-2.44%
1005,120.59K,1575806400,0.55088,0.55386,0.54063,0.54759,0.61%
1006,117.33K,1575720000,0.54752,0.55667,0.5465500000000001,0.5509700000000001,-0.66%
1007,117.43K,1575633600,0.55113,0.55261,0.53517,0.5410200000000001,1.85%
1008,119.80K,1575547200,0.5411,0.54606,0.52561,0.5276700000000001,2.53%
1009,140.53K,1575460800,0.52775,0.56186,0.5215000000000001,0.5354,-1.43%
1010,130.24K,1575374400,0.5353800000000001,0.54369,0.5320600000000001,0.5373800000000001,-0.38%
1011,112.83K,1575288000,0.53741,0.54659,0.52795,0.5455,-1.48%
1012,112.97K,1575201600,0.5454600000000001,0.55472,0.53264,0.55447,-1.63%
1013,122.46K,1575115200,0.5545,0.57154,0.54752,0.56899,-2.51%
1014,156.49K,1575028800,0.5688,0.5756600000000001,0.5450200000000001,0.54595,4.19%
1015,163.47K,1574942400,0.5459,0.55676,0.5416300000000001,0.55289,-1.27%
1016,127.86K,1574856000,0.5529400000000001,0.56274,0.50683,0.52825,4.65%
1017,135.02K,1574769600,0.5283500000000001,0.53985,0.5184300000000001,0.5245700000000001,0.66%
1018,178.09K,1574683200,0.5248700000000001,0.54151,0.48310000000000003,0.51007,2.94%
1019,140.90K,1574596800,0.50988,0.5432600000000001,0.50753,0.5415,-5.86%
1020,126.73K,1574510400,0.54161,0.54361,0.5223300000000001,0.5368900000000001,0.85%
1021,167.17K,1574424000,0.5370400000000001,0.5690900000000001,0.50222,0.56457,-4.86%
1022,149.72K,1574337600,0.56445,0.60167,0.5529200000000001,0.5992900000000001,-5.81%
1023,118.48K,1574251200,0.59926,0.6075,0.59431,0.6029,-0.61%
1024,137.51K,1574164800,0.6029500000000001,0.60945,0.59391,0.6073500000000001,-0.73%
1025,122.81K,1574078400,0.60736,0.63431,0.60052,0.63431,-4.27%
1026,117.18K,1573992000,0.63443,0.6409600000000001,0.6228800000000001,0.63163,0.46%
1027,117.81K,1573905600,0.6315500000000001,0.63299,0.62785,0.6290300000000001,0.41%
1028,139.64K,1573819200,0.6289800000000001,0.65041,0.6226700000000001,0.6425900000000001,-2.10%
1029,111.25K,1573732800,0.6424700000000001,0.65341,0.6383300000000001,0.6519400000000001,-1.45%
1030,112.01K,1573646400,0.6519100000000001,0.6545000000000001,0.64754,0.65373,-0.25%
1031,112.34K,1573560000,0.6535500000000001,0.6568,0.63861,0.64793,0.88%
1032,129.78K,1573473600,0.6478600000000001,0.6728700000000001,0.6425900000000001,0.6710400000000001,-3.47%
1033,122.20K,1573387200,0.6711400000000001,0.67366,0.6497700000000001,0.6541300000000001,2.62%
1034,128.96K,1573300800,0.6539900000000001,0.65768,0.6469400000000001,0.64983,0.66%
1035,139.57K,1573214400,0.64971,0.68261,0.6427200000000001,0.67854,-4.22%
1036,119.00K,1573128000,0.67837,0.6944300000000001,0.6722300000000001,0.6926800000000001,-2.08%
1037,116.43K,1573041600,0.6927700000000001,0.6982,0.68603,0.6880400000000001,0.70%
1038,119.39K,1572955200,0.6879400000000001,0.6973100000000001,0.67781,0.6910000000000001,-0.45%
1039,108.27K,1572868800,0.6910700000000001,0.69889,0.6680100000000001,0.6692100000000001,3.25%
1040,108.32K,1572782400,0.6693300000000001,0.67135,0.6680100000000001,0.67,-0.06%
1041,121.82K,1572696000,0.66973,0.6724500000000001,0.66744,0.6689,0.10%
1042,130.52K,1572609600,0.6690600000000001,0.67212,0.6661400000000001,0.67164,-0.46%
1043,117.08K,1572523200,0.67212,0.6800700000000001,0.66656,0.67308,-0.22%
1044,107.73K,1572436800,0.67357,0.6941900000000001,0.6641,0.6931600000000001,-2.88%
1045,100.81K,1572350400,0.6935600000000001,0.69762,0.6717200000000001,0.67488,2.75%
1046,118.13K,1572264000,0.675,0.7217800000000001,0.6749900000000001,0.6953400000000001,-2.93%
1047,121.27K,1572177600,0.69537,0.7113,0.6627700000000001,0.6728200000000001,3.24%
1048,152.74K,1572091200,0.6735300000000001,0.7445200000000001,0.6404200000000001,0.6409600000000001,5.08%
1049,151.60K,1572004800,0.6409400000000001,0.6466400000000001,0.55198,0.55406,15.62%
1050,130.26K,1571918400,0.5543600000000001,0.56277,0.54703,0.5566800000000001,-0.41%
1051,144.02K,1571832000,0.55666,0.60248,0.54198,0.59709,-6.78%
1052,152.87K,1571745600,0.59716,0.61726,0.59628,0.61045,-2.20%
1053,127.90K,1571659200,0.61058,0.61721,0.6042500000000001,0.60824,0.38%
1054,141.38K,1571572800,0.60824,0.6171300000000001,0.58462,0.5894600000000001,3.18%
1055,129.16K,1571486400,0.58947,0.6000700000000001,0.58813,0.5928300000000001,-0.57%
1056,144.36K,1571400000,0.59287,0.60923,0.5813400000000001,0.6018800000000001,-1.51%
1057,130.36K,1571313600,0.6019800000000001,0.62119,0.59553,0.6117900000000001,-1.55%
1058,133.70K,1571227200,0.6114700000000001,0.62114,0.59423,0.61821,-0.76%
1059,112.94K,1571140800,0.61617,0.61943,0.6134000000000001,0.6177600000000001,-0.24%
1060,106.42K,1571054400,0.61767,0.6178400000000001,0.6096900000000001,0.6118600000000001,0.94%
1061,124.92K,1570968000,0.61194,0.62133,0.60548,0.6068600000000001,0.76%
1062,123.68K,1570881600,0.6073200000000001,0.62007,0.60299,0.6030300000000001,0.61%
1063,123.60K,1570795200,0.60365,0.63932,0.60353,0.63568,-5.06%
1064,108.63K,1570708800,0.6357900000000001,0.63758,0.6257600000000001,0.6305900000000001,0.61%
1065,121.66K,1570622400,0.6319600000000001,0.6422100000000001,0.59518,0.6010500000000001,5.12%
1066,135.98K,1570536000,0.60118,0.6169600000000001,0.59609,0.6078300000000001,-1.09%
1067,126.15K,1570449600,0.60782,0.61273,0.5781900000000001,0.5791700000000001,4.92%
1068,122.04K,1570363200,0.5793200000000001,0.59728,0.57764,0.5968300000000001,-2.92%
1069,118.62K,1570276800,0.59675,0.59784,0.58796,0.59682,-0.03%
1070,128.21K,1570190400,0.5969,0.6033700000000001,0.59143,0.60313,-1.03%
1071,132.56K,1570104000,0.60309,0.6112500000000001,0.5946,0.60667,-0.59%
1072,118.91K,1570017600,0.6066600000000001,0.6104900000000001,0.5996,0.60858,-0.34%
1073,120.18K,1569931200,0.6087300000000001,0.61706,0.60526,0.60709,0.25%
1074,107.47K,1569844800,0.60724,0.6107100000000001,0.5682400000000001,0.5880500000000001,3.30%
